lead_id,lead_created_date,lead_source,agent_id,agent_name,property_type,neighborhood,listing_price,funnel_stage,closed,close_date,days_to_close,commission_rate,commission_amount,lost_reason,days_since_last_contact,at_risk_lead
L10000,2025-05-16,Referral,A111,Sameer Khan,Single Family,Pinecrest,250378.95,Contacted,False,,,,,Went cold / unresponsive,13.0,False
L10001,2025-01-28,Walk-in,A101,Rohan Mehta,Single Family,Riverside Heights,395839.09,Contacted,False,,,,,Chose competitor,0.0,False
L10002,2025-08-15,Open House,A104,Sneha Rao,Townhouse,Harborview,478429.34,Contacted,False,,,,,Went cold / unresponsive,8.0,False
L10003,2025-12-12,Walk-in,A107,Vikram Singh,Condo,Pinecrest,175600.72,Showing Completed,False,,,,,Chose competitor,7.0,False
L10004,2025-10-11,Social Media,A103,Karan Malhotra,Single Family,Downtown Core,786904.55,Lead (Uncontacted),False,,,,,Never contacted,16.0,False
L10005,2025-12-06,Website,A112,Pooja Reddy,Townhouse,Lakeview,429453.71,Showing Scheduled,False,,,,,Still in progress,3.0,False
L10006,2025-07-17,Referral,A103,Karan Malhotra,Single Family,Lakeview,349784.73,Closed,True,2025-08-15,29.0,0.028,9793.97,,,False
L10007,2025-02-21,Social Media,A104,Sneha Rao,Condo,Riverside Heights,308247.49,Contacted,False,,,,,Went cold / unresponsive,1.0,False
L10008,2025-02-23,Social Media,A104,Sneha Rao,Multi-Family,Lakeview,599759.1,Showing Completed,False,,,,,Went cold / unresponsive,5.0,False
L10009,2025-10-07,Zillow,A108,Neha Gupta,Single Family,Harborview,623742.62,Contacted,False,,,,,Chose competitor,16.0,False
L10010,2025-12-15,Walk-in,A102,Ananya Iyer,Condo,Harborview,304416.93,Showing Completed,False,,,,,Still in progress,4.0,False
L10011,2025-05-31,Referral,A113,Rahul Chawla,Single Family,Pinecrest,324707.45,Contacted,False,,,,,Chose competitor,1.0,False
L10012,2025-10-31,Social Media,A107,Vikram Singh,Single Family,Riverside Heights,494565.19,Lead (Uncontacted),False,,,,,Never contacted,8.0,False
L10013,2025-06-01,Social Media,A102,Ananya Iyer,Single Family,Downtown Core,666215.23,Contacted,False,,,,,Still in progress,27.0,True
L10014,2025-04-09,Walk-in,A109,Aditya Verma,Condo,Harborview,383458.44,Lead (Uncontacted),False,,,,,Never contacted,3.0,False
L10015,2025-10-16,Open House,A106,Divya Kapoor,Single Family,Oakridge,404199.04,Showing Completed,False,,,,,Went cold / unresponsive,3.0,False
L10016,2025-08-26,Zillow,A107,Vikram Singh,Condo,Sunset Hills,231893.34,Contacted,False,,,,,Financing fell through,23.0,True
L10017,2025-11-13,Zillow,A104,Sneha Rao,Condo,Pinecrest,188205.46,Offer Made,False,,,,,Financing fell through,3.0,False
L10018,2025-10-29,Social Media,A110,Ishita Bose,Multi-Family,Oakridge,473041.5,Lead (Uncontacted),False,,,,,Never contacted,33.0,True
L10019,2025-01-18,Social Media,A104,Sneha Rao,Single Family,Pinecrest,370433.68,Contacted,False,,,,,Went cold / unresponsive,8.0,False
L10020,2025-05-07,Referral,A109,Aditya Verma,Multi-Family,Maple Grove,364509.11,Contacted,False,,,,,Went cold / unresponsive,11.0,False
L10021,2025-01-13,Website,A105,Arjun Nair,Single Family,Pinecrest,272440.43,Closed,True,2025-02-19,37.0,0.028,7628.33,,,False
L10022,2025-08-03,Zillow,A100,Priya Sharma,Townhouse,Pinecrest,263432.79,Showing Completed,False,,,,,Still in progress,19.0,False
L10023,2025-04-11,Open House,A100,Priya Sharma,Single Family,Downtown Core,583039.94,Contacted,False,,,,,Chose competitor,9.0,False
L10024,2025-05-24,Referral,A100,Priya Sharma,Condo,Pinecrest,217276.5,Lead (Uncontacted),False,,,,,Never contacted,7.0,False
L10025,2025-02-27,Zillow,A111,Sameer Khan,Single Family,Lakeview,497119.61,Showing Scheduled,False,,,,,Still in progress,11.0,False
L10026,2025-03-30,Zillow,A102,Ananya Iyer,Single Family,Maple Grove,376063.92,Showing Scheduled,False,,,,,Went cold / unresponsive,8.0,False
L10027,2025-03-27,Website,A106,Divya Kapoor,Single Family,Harborview,525890.29,Offer Made,False,,,,,Went cold / unresponsive,6.0,False
L10028,2025-09-07,Referral,A107,Vikram Singh,Condo,Riverside Heights,483126.07,Contacted,False,,,,,Price too high,4.0,False
L10029,2025-01-04,Website,A107,Vikram Singh,Townhouse,Oakridge,263072.89,Contacted,False,,,,,Still in progress,20.0,False
L10030,2025-06-28,Website,A111,Sameer Khan,Condo,Downtown Core,361046.03,Contacted,False,,,,,Still in progress,10.0,False
L10031,2025-09-10,Open House,A104,Sneha Rao,Single Family,Sunset Hills,579615.61,Contacted,False,,,,,Price too high,3.0,False
L10032,2025-04-24,Walk-in,A100,Priya Sharma,Townhouse,Riverside Heights,574272.93,Contacted,False,,,,,Went cold / unresponsive,16.0,False
L10033,2025-08-15,Open House,A102,Ananya Iyer,Townhouse,Harborview,438810.83,Lead (Uncontacted),False,,,,,Never contacted,5.0,False
L10034,2025-07-02,Zillow,A111,Sameer Khan,Single Family,Sunset Hills,304024.68,Contacted,False,,,,,Price too high,23.0,True
L10035,2025-01-19,Zillow,A112,Pooja Reddy,Single Family,Downtown Core,648799.69,Showing Scheduled,False,,,,,Price too high,3.0,False
L10036,2025-02-22,Social Media,A113,Rahul Chawla,Condo,Pinecrest,302963.86,Contacted,False,,,,,Price too high,6.0,False
L10037,2025-08-09,Referral,A108,Neha Gupta,Single Family,Pinecrest,523823.68,Showing Completed,False,,,,,Went cold / unresponsive,1.0,False
L10038,2025-05-16,Referral,A110,Ishita Bose,Single Family,Maple Grove,285405.62,Showing Scheduled,False,,,,,Still in progress,42.0,True
L10039,2025-12-30,Walk-in,A105,Arjun Nair,Single Family,Oakridge,362077.12,Showing Scheduled,False,,,,,Price too high,6.0,False
L10040,2025-01-01,Referral,A106,Divya Kapoor,Single Family,Lakeview,515850.93,Closed,True,2025-02-23,53.0,0.028,14443.83,,,False
L10041,2025-07-22,Zillow,A106,Divya Kapoor,Townhouse,Oakridge,292623.33,Lead (Uncontacted),False,,,,,Never contacted,2.0,False
L10042,2025-01-14,Website,A101,Rohan Mehta,Single Family,Riverside Heights,617941.16,Contacted,False,,,,,Went cold / unresponsive,4.0,False
L10043,2025-06-05,Website,A113,Rahul Chawla,Multi-Family,Harborview,713463.48,Offer Made,False,,,,,Chose competitor,4.0,False
L10044,2025-07-31,Open House,A106,Divya Kapoor,Single Family,Riverside Heights,617261.21,Offer Made,False,,,,,Financing fell through,8.0,False
L10045,2025-08-12,Social Media,A101,Rohan Mehta,Townhouse,Downtown Core,597663.52,Lead (Uncontacted),False,,,,,Never contacted,4.0,False
L10046,2025-04-08,Website,A105,Arjun Nair,Townhouse,Riverside Heights,389108.06,Offer Made,False,,,,,Went cold / unresponsive,13.0,False
L10047,2025-03-19,Social Media,A108,Neha Gupta,Townhouse,Maple Grove,296833.19,Offer Made,False,,,,,Went cold / unresponsive,0.0,False
L10048,2025-04-28,Open House,A100,Priya Sharma,Condo,Sunset Hills,311391.64,Showing Scheduled,False,,,,,Changed mind,0.0,False
L10049,2025-03-07,Walk-in,A108,Neha Gupta,Condo,Pinecrest,281274.25,Contacted,False,,,,,Went cold / unresponsive,39.0,True
L10050,2025-11-04,Website,A109,Aditya Verma,Condo,Downtown Core,506019.59,Showing Scheduled,False,,,,,Chose competitor,7.0,False
L10051,2025-03-10,Website,A111,Sameer Khan,Condo,Riverside Heights,242686.91,Lead (Uncontacted),False,,,,,Never contacted,6.0,False
L10052,2025-04-21,Zillow,A109,Aditya Verma,Single Family,Downtown Core,602910.86,Offer Made,False,,,,,Price too high,4.0,False
L10053,2025-10-04,Social Media,A106,Divya Kapoor,Condo,Maple Grove,200611.97,Closed,True,2025-11-25,52.0,0.028,5617.14,,,False
L10054,2025-10-09,Zillow,A102,Ananya Iyer,Single Family,Sunset Hills,327882.18,Contacted,False,,,,,Price too high,20.0,False
L10055,2025-01-08,Social Media,A100,Priya Sharma,Single Family,Riverside Heights,415349.29,Offer Made,False,,,,,Went cold / unresponsive,4.0,False
L10056,2025-08-26,Zillow,A110,Ishita Bose,Single Family,Harborview,585333.52,Showing Scheduled,False,,,,,Chose competitor,5.0,False
L10057,2025-09-30,Referral,A110,Ishita Bose,Single Family,Pinecrest,324621.81,Showing Completed,False,,,,,Went cold / unresponsive,11.0,False
L10058,2025-08-24,Walk-in,A107,Vikram Singh,Single Family,Pinecrest,405322.18,Showing Completed,False,,,,,Went cold / unresponsive,4.0,False
L10059,2025-10-04,Social Media,A109,Aditya Verma,Single Family,Sunset Hills,544509.35,Offer Made,False,,,,,Price too high,22.0,True
L10060,2025-12-01,Referral,A107,Vikram Singh,Single Family,Lakeview,528318.79,Showing Completed,False,,,,,Still in progress,8.0,False
L10061,2025-04-28,Website,A104,Sneha Rao,Townhouse,Sunset Hills,348886.49,Offer Made,False,,,,,Went cold / unresponsive,0.0,False
L10062,2025-01-10,Zillow,A113,Rahul Chawla,Single Family,Downtown Core,592715.79,Showing Completed,False,,,,,Price too high,1.0,False
L10063,2025-04-04,Referral,A101,Rohan Mehta,Condo,Sunset Hills,259464.01,Contacted,False,,,,,Went cold / unresponsive,5.0,False
L10064,2025-03-01,Social Media,A114,Tanvi Joshi,Single Family,Downtown Core,618491.97,Offer Made,False,,,,,Price too high,16.0,False
L10065,2025-02-11,Website,A107,Vikram Singh,Single Family,Oakridge,346996.18,Contacted,False,,,,,Financing fell through,4.0,False
L10066,2025-11-05,Zillow,A104,Sneha Rao,Townhouse,Pinecrest,203501.08,Lead (Uncontacted),False,,,,,Never contacted,9.0,False
L10067,2025-02-11,Referral,A113,Rahul Chawla,Condo,Harborview,429319.51,Contacted,False,,,,,Went cold / unresponsive,7.0,False
L10068,2025-10-16,Social Media,A111,Sameer Khan,Single Family,Riverside Heights,616672.35,Contacted,False,,,,,Went cold / unresponsive,20.0,False
L10069,2025-08-04,Zillow,A112,Pooja Reddy,Single Family,Lakeview,521939.49,Showing Completed,False,,,,,Financing fell through,14.0,False
L10070,2025-01-11,Referral,A108,Neha Gupta,Condo,Maple Grove,228950.97,Lead (Uncontacted),False,,,,,Never contacted,4.0,False
L10071,2025-08-06,Open House,A106,Divya Kapoor,Single Family,Downtown Core,472560.95,Offer Made,False,,,,,Still in progress,8.0,False
L10072,2025-02-20,Website,A113,Rahul Chawla,Townhouse,Maple Grove,287962.06,Contacted,False,,,,,Still in progress,5.0,False
L10073,2025-11-09,Referral,A114,Tanvi Joshi,Townhouse,Sunset Hills,419673.17,Showing Completed,False,,,,,Chose competitor,13.0,False
L10074,2025-03-16,Open House,A111,Sameer Khan,Condo,Downtown Core,468282.17,Lead (Uncontacted),False,,,,,Never contacted,6.0,False
L10075,2025-12-30,Zillow,A113,Rahul Chawla,Condo,Downtown Core,236400.51,Lead (Uncontacted),False,,,,,Never contacted,2.0,False
L10076,2025-05-30,Website,A102,Ananya Iyer,Single Family,Riverside Heights,627103.46,Showing Completed,False,,,,,Financing fell through,8.0,False
L10077,2025-09-14,Social Media,A107,Vikram Singh,Single Family,Pinecrest,252472.65,Showing Completed,False,,,,,Chose competitor,6.0,False
L10078,2025-04-23,Website,A105,Arjun Nair,Townhouse,Downtown Core,616222.79,Contacted,False,,,,,Price too high,2.0,False
L10079,2025-06-11,Social Media,A113,Rahul Chawla,Single Family,Maple Grove,208005.39,Showing Completed,False,,,,,Went cold / unresponsive,0.0,False
L10080,2025-08-17,Open House,A103,Karan Malhotra,Condo,Oakridge,164807.72,Contacted,False,,,,,Chose competitor,1.0,False
L10081,2025-06-14,Open House,A110,Ishita Bose,Townhouse,Downtown Core,582658.02,Closed,True,2025-08-08,55.0,0.028,16314.42,,,False
L10082,2025-01-02,Referral,A112,Pooja Reddy,Condo,Maple Grove,288349.55,Lead (Uncontacted),False,,,,,Never contacted,9.0,False
L10083,2025-09-13,Zillow,A112,Pooja Reddy,Single Family,Pinecrest,429462.16,Showing Completed,False,,,,,Went cold / unresponsive,1.0,False
L10084,2025-08-12,Social Media,A106,Divya Kapoor,Townhouse,Harborview,329579.78,Showing Completed,False,,,,,Went cold / unresponsive,2.0,False
L10085,2025-10-20,Referral,A112,Pooja Reddy,Multi-Family,Maple Grove,560470.12,Contacted,False,,,,,Price too high,8.0,False
L10086,2025-03-17,Open House,A108,Neha Gupta,Condo,Maple Grove,295819.66,Showing Completed,False,,,,,Still in progress,9.0,False
L10087,2025-07-09,Website,A109,Aditya Verma,Single Family,Oakridge,336226.97,Showing Completed,False,,,,,Price too high,9.0,False
L10088,2025-06-13,Open House,A105,Arjun Nair,Single Family,Harborview,658340.52,Showing Completed,False,,,,,Went cold / unresponsive,27.0,True
L10089,2025-12-03,Website,A103,Karan Malhotra,Single Family,Lakeview,485580.69,Contacted,False,,,,,Chose competitor,14.0,False
L10090,2025-03-02,Referral,A101,Rohan Mehta,Townhouse,Riverside Heights,403532.87,Showing Completed,False,,,,,Went cold / unresponsive,11.0,False
L10091,2025-10-30,Open House,A108,Neha Gupta,Single Family,Lakeview,517196.39,Contacted,False,,,,,Went cold / unresponsive,10.0,False
L10092,2025-01-25,Walk-in,A110,Ishita Bose,Condo,Harborview,430184.47,Lead (Uncontacted),False,,,,,Never contacted,10.0,False
L10093,2025-10-09,Website,A100,Priya Sharma,Condo,Harborview,392148.59,Contacted,False,,,,,Price too high,11.0,False
L10094,2025-03-23,Open House,A113,Rahul Chawla,Multi-Family,Pinecrest,522841.43,Showing Completed,False,,,,,Went cold / unresponsive,10.0,False
L10095,2025-07-02,Zillow,A108,Neha Gupta,Condo,Downtown Core,329815.21,Contacted,False,,,,,Still in progress,7.0,False
L10096,2025-04-18,Website,A110,Ishita Bose,Condo,Oakridge,292746.39,Showing Scheduled,False,,,,,Price too high,20.0,False
L10097,2025-08-24,Zillow,A113,Rahul Chawla,Townhouse,Pinecrest,449081.57,Lead (Uncontacted),False,,,,,Never contacted,14.0,False
L10098,2025-06-26,Zillow,A106,Divya Kapoor,Townhouse,Sunset Hills,300197.3,Closed,True,2025-08-09,44.0,0.028,8405.52,,,False
L10099,2025-10-20,Zillow,A109,Aditya Verma,Single Family,Maple Grove,415821.3,Showing Completed,False,,,,,Still in progress,6.0,False
L10100,2025-11-06,Website,A102,Ananya Iyer,Multi-Family,Downtown Core,978355.04,Offer Made,False,,,,,Price too high,15.0,False
L10101,2025-01-09,Zillow,A100,Priya Sharma,Multi-Family,Riverside Heights,658220.09,Lead (Uncontacted),False,,,,,Never contacted,52.0,True
L10102,2025-03-30,Referral,A105,Arjun Nair,Townhouse,Sunset Hills,476823.29,Contacted,False,,,,,Price too high,20.0,False
L10103,2025-08-14,Open House,A101,Rohan Mehta,Townhouse,Riverside Heights,374055.71,Contacted,False,,,,,Went cold / unresponsive,8.0,False
L10104,2025-02-06,Referral,A106,Divya Kapoor,Single Family,Harborview,522859.31,Contacted,False,,,,,Price too high,19.0,False
L10105,2025-11-19,Zillow,A106,Divya Kapoor,Condo,Maple Grove,270889.93,Contacted,False,,,,,Went cold / unresponsive,3.0,False
L10106,2025-09-26,Social Media,A111,Sameer Khan,Condo,Riverside Heights,333227.04,Contacted,False,,,,,Went cold / unresponsive,9.0,False
L10107,2025-09-06,Walk-in,A102,Ananya Iyer,Townhouse,Maple Grove,307381.5,Contacted,False,,,,,Price too high,4.0,False
L10108,2025-08-12,Website,A102,Ananya Iyer,Townhouse,Sunset Hills,290380.51,Closed,True,2025-10-08,57.0,0.028,8130.65,,,False
L10109,2025-08-12,Referral,A112,Pooja Reddy,Single Family,Downtown Core,636337.44,Showing Completed,False,,,,,Went cold / unresponsive,1.0,False
L10110,2025-07-12,Walk-in,A113,Rahul Chawla,Single Family,Lakeview,593181.01,Showing Scheduled,False,,,,,Changed mind,11.0,False
L10111,2025-02-27,Zillow,A109,Aditya Verma,Condo,Lakeview,300735.23,Showing Completed,False,,,,,Price too high,19.0,False
L10112,2025-05-10,Zillow,A112,Pooja Reddy,Single Family,Harborview,345976.59,Showing Completed,False,,,,,Changed mind,0.0,False
L10113,2025-09-14,Website,A113,Rahul Chawla,Townhouse,Lakeview,271301.65,Contacted,False,,,,,Went cold / unresponsive,2.0,False
L10114,2025-07-27,Social Media,A110,Ishita Bose,Condo,Lakeview,269640.62,Closed,True,2025-10-04,69.0,0.028,7549.94,,,False
L10115,2025-11-12,Referral,A111,Sameer Khan,Single Family,Harborview,302138.33,Lead (Uncontacted),False,,,,,Never contacted,2.0,False
L10116,2025-06-15,Zillow,A100,Priya Sharma,Condo,Sunset Hills,245909.83,Offer Made,False,,,,,Financing fell through,41.0,True
L10117,2025-04-05,Referral,A106,Divya Kapoor,Condo,Maple Grove,352229.03,Contacted,False,,,,,Went cold / unresponsive,30.0,True
L10118,2025-03-27,Social Media,A110,Ishita Bose,Townhouse,Riverside Heights,424724.41,Showing Completed,False,,,,,Price too high,7.0,False
L10119,2025-04-13,Social Media,A101,Rohan Mehta,Townhouse,Maple Grove,255652.68,Contacted,False,,,,,Went cold / unresponsive,16.0,False
L10120,2025-08-11,Open House,A102,Ananya Iyer,Single Family,Downtown Core,795539.94,Contacted,False,,,,,Still in progress,12.0,False
L10121,2025-03-25,Walk-in,A104,Sneha Rao,Townhouse,Pinecrest,382183.63,Closed,True,2025-05-05,41.0,0.028,10701.14,,,False
L10122,2025-10-28,Website,A108,Neha Gupta,Condo,Riverside Heights,273485.31,Showing Completed,False,,,,,Still in progress,5.0,False
L10123,2025-07-21,Referral,A102,Ananya Iyer,Single Family,Downtown Core,613165.94,Offer Made,False,,,,,Price too high,32.0,True
L10124,2025-12-30,Zillow,A112,Pooja Reddy,Condo,Lakeview,314654.54,Showing Completed,False,,,,,Went cold / unresponsive,0.0,False
L10125,2025-07-05,Zillow,A109,Aditya Verma,Condo,Lakeview,217469.13,Lead (Uncontacted),False,,,,,Never contacted,2.0,False
L10126,2025-10-09,Website,A109,Aditya Verma,Townhouse,Downtown Core,442172.53,Contacted,False,,,,,Price too high,2.0,False
L10127,2025-04-21,Social Media,A102,Ananya Iyer,Townhouse,Oakridge,242501.0,Contacted,False,,,,,Went cold / unresponsive,1.0,False
L10128,2025-08-17,Website,A104,Sneha Rao,Single Family,Downtown Core,593707.41,Closed,True,2025-10-07,51.0,0.028,16623.81,,,False
L10129,2025-12-16,Zillow,A104,Sneha Rao,Single Family,Lakeview,437092.82,Showing Completed,False,,,,,Chose competitor,4.0,False
L10130,2025-02-13,Zillow,A109,Aditya Verma,Single Family,Lakeview,562998.59,Contacted,False,,,,,Went cold / unresponsive,7.0,False
L10131,2025-01-20,Referral,A114,Tanvi Joshi,Single Family,Oakridge,351247.28,Contacted,False,,,,,Chose competitor,1.0,False
L10132,2025-07-04,Referral,A101,Rohan Mehta,Condo,Lakeview,315725.15,Closed,True,2025-08-24,51.0,0.028,8840.3,,,False
L10133,2025-12-07,Referral,A101,Rohan Mehta,Single Family,Maple Grove,443009.42,Contacted,False,,,,,Financing fell through,20.0,False
L10134,2025-04-24,Referral,A110,Ishita Bose,Townhouse,Maple Grove,261754.42,Contacted,False,,,,,Still in progress,14.0,False
L10135,2025-02-22,Referral,A111,Sameer Khan,Multi-Family,Riverside Heights,780480.01,Contacted,False,,,,,Chose competitor,1.0,False
L10136,2025-06-25,Website,A104,Sneha Rao,Townhouse,Riverside Heights,337560.12,Offer Made,False,,,,,Went cold / unresponsive,25.0,True
L10137,2025-12-10,Zillow,A113,Rahul Chawla,Townhouse,Pinecrest,377039.79,Contacted,False,,,,,Chose competitor,9.0,False
L10138,2025-11-01,Website,A108,Neha Gupta,Single Family,Oakridge,340202.44,Showing Completed,False,,,,,Price too high,10.0,False
L10139,2025-04-27,Walk-in,A107,Vikram Singh,Condo,Harborview,200238.94,Showing Completed,False,,,,,Chose competitor,6.0,False
L10140,2025-01-21,Zillow,A108,Neha Gupta,Townhouse,Lakeview,528226.25,Showing Completed,False,,,,,Chose competitor,26.0,True
L10141,2025-02-21,Referral,A113,Rahul Chawla,Single Family,Maple Grove,427038.7,Contacted,False,,,,,Went cold / unresponsive,8.0,False
L10142,2025-05-12,Referral,A110,Ishita Bose,Single Family,Oakridge,285668.95,Showing Completed,False,,,,,Went cold / unresponsive,2.0,False
L10143,2025-09-20,Open House,A111,Sameer Khan,Single Family,Harborview,544070.0,Closed,True,2025-11-12,53.0,0.028,15233.96,,,False
L10144,2025-05-01,Website,A107,Vikram Singh,Condo,Maple Grove,289922.62,Contacted,False,,,,,Chose competitor,2.0,False
L10145,2025-06-16,Walk-in,A104,Sneha Rao,Townhouse,Lakeview,286727.97,Closed,True,2025-08-07,52.0,0.028,8028.38,,,False
L10146,2025-10-20,Social Media,A103,Karan Malhotra,Single Family,Harborview,473773.0,Contacted,False,,,,,Went cold / unresponsive,2.0,False
L10147,2025-05-26,Zillow,A108,Neha Gupta,Condo,Maple Grove,297935.02,Showing Completed,False,,,,,Changed mind,1.0,False
L10148,2025-04-19,Referral,A110,Ishita Bose,Condo,Pinecrest,181713.26,Showing Scheduled,False,,,,,Price too high,3.0,False
L10149,2025-01-27,Open House,A104,Sneha Rao,Single Family,Riverside Heights,571624.72,Showing Completed,False,,,,,Chose competitor,6.0,False
L10150,2025-07-28,Referral,A100,Priya Sharma,Single Family,Sunset Hills,492984.84,Lead (Uncontacted),False,,,,,Never contacted,5.0,False
L10151,2025-11-07,Zillow,A108,Neha Gupta,Single Family,Oakridge,391620.46,Showing Completed,False,,,,,Chose competitor,10.0,False
L10152,2025-04-25,Walk-in,A113,Rahul Chawla,Single Family,Lakeview,385436.78,Contacted,False,,,,,Still in progress,7.0,False
L10153,2025-09-29,Walk-in,A107,Vikram Singh,Condo,Maple Grove,286357.56,Closed,True,2025-11-18,50.0,0.028,8018.01,,,False
L10154,2025-06-29,Zillow,A105,Arjun Nair,Single Family,Riverside Heights,351478.59,Contacted,False,,,,,Still in progress,1.0,False
L10155,2025-01-12,Walk-in,A108,Neha Gupta,Condo,Lakeview,336163.04,Lead (Uncontacted),False,,,,,Never contacted,1.0,False
L10156,2025-01-07,Walk-in,A105,Arjun Nair,Townhouse,Sunset Hills,296972.55,Offer Made,False,,,,,Chose competitor,37.0,True
L10157,2025-10-16,Website,A112,Pooja Reddy,Single Family,Sunset Hills,452807.94,Lead (Uncontacted),False,,,,,Never contacted,6.0,False
L10158,2025-01-25,Website,A110,Ishita Bose,Single Family,Downtown Core,521354.54,Offer Made,False,,,,,Still in progress,20.0,False
L10159,2025-09-11,Open House,A112,Pooja Reddy,Single Family,Downtown Core,647536.69,Showing Completed,False,,,,,Price too high,2.0,False
L10160,2025-03-21,Zillow,A110,Ishita Bose,Condo,Pinecrest,224176.06,Closed,True,2025-04-30,40.0,0.028,6276.93,,,False
L10161,2025-04-26,Open House,A102,Ananya Iyer,Condo,Sunset Hills,227383.77,Contacted,False,,,,,Chose competitor,7.0,False
L10162,2025-07-02,Zillow,A102,Ananya Iyer,Single Family,Oakridge,343572.2,Offer Made,False,,,,,Price too high,7.0,False
L10163,2025-07-07,Open House,A100,Priya Sharma,Single Family,Oakridge,349137.99,Closed,True,2025-08-14,38.0,0.028,9775.86,,,False
L10164,2025-02-11,Social Media,A103,Karan Malhotra,Condo,Downtown Core,305741.46,Contacted,False,,,,,Changed mind,15.0,False
L10165,2025-04-07,Open House,A110,Ishita Bose,Single Family,Oakridge,253312.54,Showing Scheduled,False,,,,,Financing fell through,10.0,False
L10166,2025-06-22,Website,A113,Rahul Chawla,Condo,Pinecrest,246384.9,Contacted,False,,,,,Went cold / unresponsive,11.0,False
L10167,2025-06-01,Referral,A101,Rohan Mehta,Townhouse,Oakridge,339779.24,Showing Completed,False,,,,,Changed mind,35.0,True
L10168,2025-12-18,Social Media,A111,Sameer Khan,Single Family,Maple Grove,419292.28,Showing Completed,False,,,,,Still in progress,15.0,False
L10169,2025-02-18,Open House,A114,Tanvi Joshi,Condo,Downtown Core,354270.13,Showing Completed,False,,,,,Financing fell through,22.0,True
L10170,2025-12-17,Zillow,A101,Rohan Mehta,Condo,Maple Grove,335695.02,Contacted,False,,,,,Price too high,0.0,False
L10171,2025-11-11,Referral,A108,Neha Gupta,Single Family,Harborview,722832.41,Offer Made,False,,,,,Went cold / unresponsive,6.0,False
L10172,2025-05-29,Referral,A114,Tanvi Joshi,Condo,Sunset Hills,271577.07,Lead (Uncontacted),False,,,,,Never contacted,13.0,False
L10173,2025-03-27,Zillow,A102,Ananya Iyer,Single Family,Harborview,573771.96,Showing Completed,False,,,,,Price too high,11.0,False
L10174,2025-06-20,Referral,A114,Tanvi Joshi,Condo,Pinecrest,274427.95,Contacted,False,,,,,Went cold / unresponsive,1.0,False
L10175,2025-05-08,Referral,A101,Rohan Mehta,Condo,Riverside Heights,395587.66,Showing Completed,False,,,,,Went cold / unresponsive,21.0,False
L10176,2025-10-29,Open House,A102,Ananya Iyer,Townhouse,Maple Grove,338154.94,Showing Completed,False,,,,,Went cold / unresponsive,0.0,False
L10177,2025-05-01,Walk-in,A100,Priya Sharma,Townhouse,Sunset Hills,254288.91,Lead (Uncontacted),False,,,,,Never contacted,4.0,False
L10178,2025-04-21,Zillow,A102,Ananya Iyer,Single Family,Harborview,440717.14,Contacted,False,,,,,Still in progress,8.0,False
L10179,2025-07-21,Zillow,A106,Divya Kapoor,Condo,Oakridge,238250.71,Offer Made,False,,,,,Financing fell through,10.0,False
L10180,2025-06-07,Referral,A108,Neha Gupta,Condo,Lakeview,306892.56,Showing Scheduled,False,,,,,Financing fell through,0.0,False
L10181,2025-04-27,Referral,A104,Sneha Rao,Townhouse,Sunset Hills,299208.95,Closed,True,2025-05-29,32.0,0.028,8377.85,,,False
L10182,2025-11-09,Open House,A108,Neha Gupta,Townhouse,Downtown Core,480998.55,Lead (Uncontacted),False,,,,,Never contacted,10.0,False
L10183,2025-03-31,Zillow,A109,Aditya Verma,Townhouse,Downtown Core,568437.34,Closed,True,2025-05-28,58.0,0.028,15916.25,,,False
L10184,2025-11-16,Referral,A112,Pooja Reddy,Single Family,Riverside Heights,469867.53,Contacted,False,,,,,Financing fell through,6.0,False
L10185,2025-05-09,Referral,A101,Rohan Mehta,Townhouse,Maple Grove,247365.57,Closed,True,2025-07-03,55.0,0.028,6926.24,,,False
L10186,2025-12-08,Zillow,A100,Priya Sharma,Single Family,Maple Grove,386476.39,Showing Scheduled,False,,,,,Chose competitor,3.0,False
L10187,2025-04-17,Walk-in,A106,Divya Kapoor,Townhouse,Lakeview,385708.03,Contacted,False,,,,,Price too high,7.0,False
L10188,2025-06-09,Zillow,A104,Sneha Rao,Townhouse,Maple Grove,313159.75,Contacted,False,,,,,Went cold / unresponsive,27.0,True
L10189,2025-03-10,Referral,A106,Divya Kapoor,Single Family,Riverside Heights,563588.62,Offer Made,False,,,,,Went cold / unresponsive,4.0,False
L10190,2025-11-23,Referral,A102,Ananya Iyer,Single Family,Maple Grove,398662.49,Showing Scheduled,False,,,,,Chose competitor,5.0,False
L10191,2025-03-06,Zillow,A111,Sameer Khan,Condo,Maple Grove,262042.82,Closed,True,2025-04-07,32.0,0.028,7337.2,,,False
L10192,2025-02-28,Social Media,A106,Divya Kapoor,Townhouse,Lakeview,375399.83,Closed,True,2025-04-03,34.0,0.028,10511.2,,,False
L10193,2025-09-27,Referral,A104,Sneha Rao,Townhouse,Sunset Hills,280388.98,Showing Scheduled,False,,,,,Went cold / unresponsive,0.0,False
L10194,2025-02-11,Referral,A106,Divya Kapoor,Multi-Family,Riverside Heights,757896.66,Showing Completed,False,,,,,Chose competitor,14.0,False
L10195,2025-03-26,Social Media,A102,Ananya Iyer,Condo,Harborview,447251.75,Contacted,False,,,,,Price too high,22.0,True
L10196,2025-09-20,Zillow,A106,Divya Kapoor,Condo,Maple Grove,232134.22,Showing Scheduled,False,,,,,Price too high,7.0,False
L10197,2025-09-17,Website,A100,Priya Sharma,Single Family,Harborview,452130.55,Contacted,False,,,,,Still in progress,1.0,False
L10198,2025-01-21,Website,A104,Sneha Rao,Multi-Family,Oakridge,512293.97,Showing Scheduled,False,,,,,Changed mind,10.0,False
L10199,2025-05-13,Referral,A110,Ishita Bose,Single Family,Lakeview,510202.29,Lead (Uncontacted),False,,,,,Never contacted,4.0,False
L10200,2025-12-30,Open House,A113,Rahul Chawla,Single Family,Lakeview,489093.22,Showing Completed,False,,,,,Chose competitor,1.0,False
L10201,2025-11-03,Website,A112,Pooja Reddy,Single Family,Oakridge,412076.73,Contacted,False,,,,,Went cold / unresponsive,9.0,False
L10202,2025-12-13,Zillow,A112,Pooja Reddy,Condo,Pinecrest,244338.66,Offer Made,False,,,,,Price too high,1.0,False
L10203,2025-10-30,Social Media,A103,Karan Malhotra,Townhouse,Pinecrest,293648.03,Offer Made,False,,,,,Still in progress,20.0,False
L10204,2025-04-25,Walk-in,A111,Sameer Khan,Condo,Maple Grove,237550.82,Lead (Uncontacted),False,,,,,Never contacted,11.0,False
L10205,2025-07-09,Zillow,A101,Rohan Mehta,Single Family,Sunset Hills,376734.34,Contacted,False,,,,,Price too high,5.0,False
L10206,2025-05-30,Referral,A110,Ishita Bose,Multi-Family,Pinecrest,384158.29,Showing Scheduled,False,,,,,Went cold / unresponsive,16.0,False
L10207,2025-10-02,Referral,A114,Tanvi Joshi,Townhouse,Downtown Core,543524.96,Showing Completed,False,,,,,Price too high,2.0,False
L10208,2025-11-05,Referral,A106,Divya Kapoor,Single Family,Downtown Core,853943.58,Offer Made,False,,,,,Still in progress,11.0,False
L10209,2025-06-07,Website,A113,Rahul Chawla,Single Family,Pinecrest,462276.52,Showing Completed,False,,,,,Went cold / unresponsive,2.0,False
L10210,2025-11-20,Open House,A107,Vikram Singh,Townhouse,Riverside Heights,433775.36,Showing Scheduled,False,,,,,Price too high,11.0,False
L10211,2025-04-03,Referral,A113,Rahul Chawla,Condo,Pinecrest,292180.03,Contacted,False,,,,,Financing fell through,15.0,False
L10212,2025-03-17,Website,A109,Aditya Verma,Single Family,Lakeview,481127.59,Contacted,False,,,,,Changed mind,9.0,False
L10213,2025-10-10,Website,A107,Vikram Singh,Condo,Sunset Hills,285351.41,Showing Scheduled,False,,,,,Chose competitor,6.0,False
L10214,2025-06-26,Referral,A109,Aditya Verma,Single Family,Harborview,499852.41,Closed,True,2025-08-05,40.0,0.028,13995.87,,,False
L10215,2025-11-06,Walk-in,A108,Neha Gupta,Condo,Downtown Core,351032.41,Lead (Uncontacted),False,,,,,Never contacted,5.0,False
L10216,2025-02-08,Referral,A109,Aditya Verma,Single Family,Downtown Core,630417.04,Contacted,False,,,,,Changed mind,1.0,False
L10217,2025-03-13,Open House,A105,Arjun Nair,Single Family,Lakeview,544533.04,Lead (Uncontacted),False,,,,,Never contacted,12.0,False
L10218,2025-06-26,Website,A104,Sneha Rao,Townhouse,Pinecrest,350653.56,Contacted,False,,,,,Price too high,4.0,False
L10219,2025-03-25,Zillow,A105,Arjun Nair,Single Family,Lakeview,506505.03,Lead (Uncontacted),False,,,,,Never contacted,5.0,False
L10220,2025-11-27,Zillow,A110,Ishita Bose,Single Family,Oakridge,286930.96,Closed,True,2026-02-01,66.0,0.028,8034.07,,,False
L10221,2025-10-23,Referral,A109,Aditya Verma,Townhouse,Oakridge,292035.42,Contacted,False,,,,,Went cold / unresponsive,5.0,False
L10222,2025-02-18,Referral,A105,Arjun Nair,Multi-Family,Sunset Hills,484925.75,Showing Scheduled,False,,,,,Price too high,4.0,False
L10223,2025-07-07,Social Media,A106,Divya Kapoor,Single Family,Riverside Heights,619555.03,Showing Completed,False,,,,,Went cold / unresponsive,1.0,False
L10224,2025-04-10,Social Media,A100,Priya Sharma,Single Family,Sunset Hills,369301.11,Offer Made,False,,,,,Price too high,14.0,False
L10225,2025-05-06,Social Media,A104,Sneha Rao,Condo,Maple Grove,198361.44,Showing Scheduled,False,,,,,Went cold / unresponsive,18.0,False
L10226,2025-11-21,Website,A108,Neha Gupta,Single Family,Riverside Heights,639658.4,Contacted,False,,,,,Went cold / unresponsive,1.0,False
L10227,2025-01-30,Referral,A102,Ananya Iyer,Multi-Family,Downtown Core,774174.37,Contacted,False,,,,,Chose competitor,4.0,False
L10228,2025-10-12,Zillow,A106,Divya Kapoor,Multi-Family,Riverside Heights,901429.54,Contacted,False,,,,,Chose competitor,4.0,False
L10229,2025-11-05,Zillow,A107,Vikram Singh,Single Family,Riverside Heights,405170.64,Closed,True,2025-12-21,46.0,0.028,11344.78,,,False
L10230,2025-04-02,Referral,A104,Sneha Rao,Single Family,Lakeview,476206.38,Contacted,False,,,,,Price too high,16.0,False
L10231,2025-04-14,Open House,A111,Sameer Khan,Townhouse,Maple Grove,396268.46,Contacted,False,,,,,Financing fell through,13.0,False
L10232,2025-06-22,Referral,A112,Pooja Reddy,Townhouse,Sunset Hills,355528.87,Showing Completed,False,,,,,Price too high,11.0,False
L10233,2025-05-27,Zillow,A100,Priya Sharma,Multi-Family,Downtown Core,880358.03,Showing Completed,False,,,,,Chose competitor,6.0,False
L10234,2025-08-30,Zillow,A108,Neha Gupta,Single Family,Downtown Core,374887.39,Contacted,False,,,,,Financing fell through,5.0,False
L10235,2025-02-17,Website,A108,Neha Gupta,Townhouse,Downtown Core,771443.8,Lead (Uncontacted),False,,,,,Never contacted,0.0,False
L10236,2025-07-08,Referral,A109,Aditya Verma,Single Family,Harborview,604334.75,Lead (Uncontacted),False,,,,,Never contacted,0.0,False
L10237,2025-10-25,Zillow,A110,Ishita Bose,Townhouse,Sunset Hills,160048.22,Contacted,False,,,,,Still in progress,4.0,False
L10238,2025-05-15,Website,A107,Vikram Singh,Townhouse,Downtown Core,445469.67,Closed,True,2025-07-11,57.0,0.028,12473.15,,,False
L10239,2025-04-14,Social Media,A112,Pooja Reddy,Townhouse,Riverside Heights,451885.79,Contacted,False,,,,,Chose competitor,11.0,False
L10240,2025-07-07,Referral,A104,Sneha Rao,Condo,Sunset Hills,333935.57,Contacted,False,,,,,Price too high,1.0,False
L10241,2025-07-07,Social Media,A109,Aditya Verma,Single Family,Maple Grove,446347.02,Contacted,False,,,,,Went cold / unresponsive,2.0,False
L10242,2025-02-24,Social Media,A105,Arjun Nair,Single Family,Harborview,638144.39,Lead (Uncontacted),False,,,,,Never contacted,3.0,False
L10243,2025-01-31,Zillow,A103,Karan Malhotra,Condo,Oakridge,301456.26,Showing Completed,False,,,,,Went cold / unresponsive,0.0,False
L10244,2025-02-22,Website,A103,Karan Malhotra,Townhouse,Lakeview,341782.17,Contacted,False,,,,,Went cold / unresponsive,1.0,False
L10245,2025-02-18,Walk-in,A104,Sneha Rao,Condo,Sunset Hills,231399.55,Closed,True,2025-04-18,59.0,0.028,6479.19,,,False
L10246,2025-11-16,Website,A100,Priya Sharma,Townhouse,Riverside Heights,461703.74,Offer Made,False,,,,,Chose competitor,15.0,False
L10247,2025-02-25,Social Media,A106,Divya Kapoor,Multi-Family,Harborview,705213.89,Lead (Uncontacted),False,,,,,Never contacted,0.0,False
L10248,2025-06-24,Website,A107,Vikram Singh,Single Family,Downtown Core,659590.99,Contacted,False,,,,,Went cold / unresponsive,33.0,True
L10249,2025-07-20,Walk-in,A113,Rahul Chawla,Townhouse,Sunset Hills,395293.02,Contacted,False,,,,,Went cold / unresponsive,0.0,False
L10250,2025-09-13,Zillow,A114,Tanvi Joshi,Condo,Riverside Heights,287237.38,Showing Completed,False,,,,,Financing fell through,17.0,False
L10251,2025-11-06,Social Media,A102,Ananya Iyer,Condo,Downtown Core,401502.42,Showing Completed,False,,,,,Chose competitor,1.0,False
L10252,2025-11-06,Website,A110,Ishita Bose,Single Family,Lakeview,473500.92,Contacted,False,,,,,Chose competitor,4.0,False
L10253,2025-10-30,Referral,A101,Rohan Mehta,Condo,Lakeview,289155.14,Closed,True,2025-12-10,41.0,0.028,8096.34,,,False
L10254,2025-01-24,Zillow,A106,Divya Kapoor,Condo,Sunset Hills,229884.79,Contacted,False,,,,,Price too high,5.0,False
L10255,2025-10-10,Walk-in,A106,Divya Kapoor,Single Family,Riverside Heights,566435.96,Closed,True,2025-11-24,45.0,0.028,15860.21,,,False
L10256,2025-05-06,Zillow,A104,Sneha Rao,Single Family,Pinecrest,230927.43,Offer Made,False,,,,,Went cold / unresponsive,7.0,False
L10257,2025-08-02,Walk-in,A109,Aditya Verma,Single Family,Oakridge,373423.16,Contacted,False,,,,,Went cold / unresponsive,27.0,True
L10258,2025-05-23,Website,A106,Divya Kapoor,Single Family,Lakeview,463736.92,Contacted,False,,,,,Chose competitor,12.0,False
L10259,2025-10-28,Website,A113,Rahul Chawla,Townhouse,Downtown Core,513472.4,Contacted,False,,,,,Went cold / unresponsive,23.0,True
L10260,2025-07-07,Referral,A109,Aditya Verma,Townhouse,Pinecrest,293110.19,Showing Completed,False,,,,,Still in progress,6.0,False
L10261,2025-08-14,Open House,A100,Priya Sharma,Single Family,Sunset Hills,455256.69,Closed,True,2025-09-25,42.0,0.028,12747.19,,,False
L10262,2025-01-06,Zillow,A106,Divya Kapoor,Single Family,Sunset Hills,523787.34,Showing Completed,False,,,,,Changed mind,15.0,False
L10263,2025-07-03,Social Media,A103,Karan Malhotra,Multi-Family,Harborview,724142.87,Contacted,False,,,,,Went cold / unresponsive,3.0,False
L10264,2025-06-03,Zillow,A108,Neha Gupta,Single Family,Sunset Hills,592241.98,Contacted,False,,,,,Went cold / unresponsive,4.0,False
L10265,2025-01-08,Website,A105,Arjun Nair,Multi-Family,Maple Grove,470571.21,Showing Completed,False,,,,,Went cold / unresponsive,32.0,True
L10266,2025-03-15,Walk-in,A112,Pooja Reddy,Condo,Oakridge,258900.45,Showing Completed,False,,,,,Price too high,16.0,False
L10267,2025-12-30,Referral,A107,Vikram Singh,Townhouse,Sunset Hills,313272.75,Offer Made,False,,,,,Changed mind,0.0,False
L10268,2025-04-04,Walk-in,A105,Arjun Nair,Single Family,Oakridge,352750.32,Lead (Uncontacted),False,,,,,Never contacted,30.0,True
L10269,2025-03-23,Website,A104,Sneha Rao,Townhouse,Lakeview,457792.4,Showing Completed,False,,,,,Price too high,7.0,False
L10270,2025-10-05,Open House,A100,Priya Sharma,Single Family,Riverside Heights,343922.2,Showing Scheduled,False,,,,,Went cold / unresponsive,5.0,False
L10271,2025-11-23,Website,A107,Vikram Singh,Townhouse,Downtown Core,473658.93,Showing Completed,False,,,,,Still in progress,7.0,False
L10272,2025-04-13,Open House,A103,Karan Malhotra,Single Family,Harborview,436845.1,Contacted,False,,,,,Chose competitor,3.0,False
L10273,2025-01-24,Social Media,A106,Divya Kapoor,Single Family,Downtown Core,556539.46,Contacted,False,,,,,Went cold / unresponsive,6.0,False
L10274,2025-09-11,Referral,A104,Sneha Rao,Multi-Family,Pinecrest,590885.05,Closed,True,2025-10-13,32.0,0.028,16544.78,,,False
L10275,2025-06-28,Open House,A100,Priya Sharma,Single Family,Harborview,609451.09,Showing Completed,False,,,,,Went cold / unresponsive,5.0,False
L10276,2025-07-25,Walk-in,A109,Aditya Verma,Townhouse,Oakridge,333924.3,Showing Scheduled,False,,,,,Financing fell through,2.0,False
L10277,2025-02-28,Walk-in,A108,Neha Gupta,Single Family,Harborview,602967.34,Contacted,False,,,,,Price too high,3.0,False
L10278,2025-04-21,Zillow,A104,Sneha Rao,Condo,Sunset Hills,312782.68,Contacted,False,,,,,Price too high,7.0,False
L10279,2025-07-13,Zillow,A105,Arjun Nair,Multi-Family,Harborview,531036.36,Contacted,False,,,,,Financing fell through,25.0,True
L10280,2025-12-06,Website,A110,Ishita Bose,Townhouse,Riverside Heights,396830.77,Lead (Uncontacted),False,,,,,Never contacted,19.0,False
L10281,2025-07-11,Website,A110,Ishita Bose,Condo,Pinecrest,231146.61,Showing Completed,False,,,,,Went cold / unresponsive,4.0,False
L10282,2025-09-04,Referral,A112,Pooja Reddy,Single Family,Maple Grove,476234.76,Contacted,False,,,,,Still in progress,7.0,False
L10283,2025-12-02,Social Media,A100,Priya Sharma,Condo,Downtown Core,432536.76,Showing Scheduled,False,,,,,Went cold / unresponsive,5.0,False
L10284,2025-01-22,Referral,A112,Pooja Reddy,Single Family,Lakeview,338162.28,Contacted,False,,,,,Chose competitor,9.0,False
L10285,2025-11-24,Website,A112,Pooja Reddy,Multi-Family,Maple Grove,629188.64,Offer Made,False,,,,,Went cold / unresponsive,4.0,False
L10286,2025-01-19,Website,A106,Divya Kapoor,Single Family,Downtown Core,535157.43,Offer Made,False,,,,,Went cold / unresponsive,13.0,False
L10287,2025-09-05,Referral,A111,Sameer Khan,Townhouse,Oakridge,276860.23,Lead (Uncontacted),False,,,,,Never contacted,3.0,False
L10288,2025-01-06,Social Media,A113,Rahul Chawla,Single Family,Sunset Hills,319579.39,Contacted,False,,,,,Went cold / unresponsive,2.0,False
L10289,2025-09-23,Website,A102,Ananya Iyer,Condo,Pinecrest,255514.21,Contacted,False,,,,,Went cold / unresponsive,7.0,False
L10290,2025-04-18,Website,A102,Ananya Iyer,Condo,Downtown Core,366048.62,Showing Completed,False,,,,,Went cold / unresponsive,4.0,False
L10291,2025-08-21,Zillow,A106,Divya Kapoor,Condo,Sunset Hills,266308.58,Closed,True,2025-11-06,77.0,0.028,7456.64,,,False
L10292,2025-10-05,Open House,A113,Rahul Chawla,Single Family,Harborview,449925.19,Showing Completed,False,,,,,Chose competitor,27.0,True
L10293,2025-10-15,Zillow,A113,Rahul Chawla,Single Family,Riverside Heights,488581.28,Contacted,False,,,,,Financing fell through,13.0,False
L10294,2025-09-28,Zillow,A113,Rahul Chawla,Single Family,Riverside Heights,564732.76,Showing Completed,False,,,,,Chose competitor,7.0,False
L10295,2025-02-16,Website,A110,Ishita Bose,Single Family,Pinecrest,398019.01,Offer Made,False,,,,,Chose competitor,5.0,False
L10296,2025-10-31,Open House,A108,Neha Gupta,Condo,Sunset Hills,268185.85,Contacted,False,,,,,Chose competitor,6.0,False
L10297,2025-08-26,Open House,A111,Sameer Khan,Single Family,Sunset Hills,485708.2,Contacted,False,,,,,Financing fell through,2.0,False
L10298,2025-07-01,Walk-in,A104,Sneha Rao,Townhouse,Riverside Heights,492877.75,Offer Made,False,,,,,Went cold / unresponsive,17.0,False
L10299,2025-07-04,Zillow,A107,Vikram Singh,Single Family,Pinecrest,345405.37,Contacted,False,,,,,Financing fell through,6.0,False
L10300,2025-08-30,Referral,A102,Ananya Iyer,Single Family,Downtown Core,414588.45,Contacted,False,,,,,Price too high,7.0,False
L10301,2025-10-18,Walk-in,A113,Rahul Chawla,Townhouse,Downtown Core,543636.2,Showing Scheduled,False,,,,,Financing fell through,8.0,False
L10302,2025-06-02,Open House,A110,Ishita Bose,Single Family,Harborview,641153.19,Showing Scheduled,False,,,,,Went cold / unresponsive,10.0,False
L10303,2025-04-19,Zillow,A104,Sneha Rao,Single Family,Riverside Heights,503283.93,Showing Scheduled,False,,,,,Went cold / unresponsive,18.0,False
L10304,2025-10-12,Social Media,A110,Ishita Bose,Single Family,Sunset Hills,355633.67,Offer Made,False,,,,,Financing fell through,13.0,False
L10305,2025-05-18,Social Media,A107,Vikram Singh,Townhouse,Sunset Hills,322801.6,Contacted,False,,,,,Price too high,2.0,False
L10306,2025-05-27,Open House,A102,Ananya Iyer,Single Family,Pinecrest,406914.69,Contacted,False,,,,,Went cold / unresponsive,42.0,True
L10307,2025-12-20,Zillow,A110,Ishita Bose,Townhouse,Downtown Core,589365.14,Contacted,False,,,,,Went cold / unresponsive,7.0,False
L10308,2025-10-22,Referral,A109,Aditya Verma,Single Family,Oakridge,424808.36,Contacted,False,,,,,Chose competitor,4.0,False
L10309,2025-06-20,Social Media,A102,Ananya Iyer,Condo,Oakridge,261018.6,Showing Completed,False,,,,,Went cold / unresponsive,2.0,False
L10310,2025-04-03,Referral,A110,Ishita Bose,Condo,Riverside Heights,434064.07,Contacted,False,,,,,Financing fell through,4.0,False
L10311,2025-05-19,Walk-in,A106,Divya Kapoor,Single Family,Maple Grove,369194.59,Showing Scheduled,False,,,,,Still in progress,2.0,False
L10312,2025-12-26,Referral,A112,Pooja Reddy,Single Family,Riverside Heights,285941.82,Lead (Uncontacted),False,,,,,Never contacted,0.0,False
L10313,2025-07-25,Website,A101,Rohan Mehta,Single Family,Oakridge,308753.25,Showing Completed,False,,,,,Went cold / unresponsive,10.0,False
L10314,2025-09-13,Website,A100,Priya Sharma,Single Family,Sunset Hills,412922.9,Showing Scheduled,False,,,,,Went cold / unresponsive,7.0,False
L10315,2025-11-10,Referral,A110,Ishita Bose,Condo,Oakridge,145230.77,Showing Completed,False,,,,,Chose competitor,10.0,False
L10316,2025-08-03,Zillow,A105,Arjun Nair,Single Family,Harborview,575939.66,Showing Completed,False,,,,,Went cold / unresponsive,14.0,False
L10317,2025-02-09,Open House,A106,Divya Kapoor,Townhouse,Harborview,391852.34,Contacted,False,,,,,Still in progress,12.0,False
L10318,2025-12-12,Website,A108,Neha Gupta,Condo,Maple Grove,217734.3,Contacted,False,,,,,Financing fell through,7.0,False
L10319,2025-06-05,Zillow,A109,Aditya Verma,Townhouse,Oakridge,227845.57,Showing Completed,False,,,,,Price too high,14.0,False
L10320,2025-12-06,Walk-in,A106,Divya Kapoor,Multi-Family,Harborview,610710.05,Contacted,False,,,,,Price too high,2.0,False
L10321,2025-04-30,Zillow,A104,Sneha Rao,Single Family,Harborview,580363.61,Contacted,False,,,,,Financing fell through,2.0,False
L10322,2025-08-18,Zillow,A110,Ishita Bose,Single Family,Oakridge,256445.77,Contacted,False,,,,,Still in progress,12.0,False
L10323,2025-12-13,Social Media,A112,Pooja Reddy,Multi-Family,Oakridge,540841.65,Closed,True,2026-02-05,54.0,0.028,15143.57,,,False
L10324,2025-03-27,Zillow,A111,Sameer Khan,Condo,Pinecrest,241284.33,Contacted,False,,,,,Went cold / unresponsive,14.0,False
L10325,2025-01-03,Referral,A112,Pooja Reddy,Condo,Downtown Core,367411.29,Contacted,False,,,,,Went cold / unresponsive,8.0,False
L10326,2025-02-17,Social Media,A110,Ishita Bose,Single Family,Maple Grove,415787.72,Contacted,False,,,,,Still in progress,4.0,False
L10327,2025-02-19,Zillow,A102,Ananya Iyer,Multi-Family,Lakeview,497139.42,Contacted,False,,,,,Went cold / unresponsive,8.0,False
L10328,2025-12-09,Referral,A106,Divya Kapoor,Condo,Pinecrest,261165.2,Contacted,False,,,,,Went cold / unresponsive,3.0,False
L10329,2025-04-14,Referral,A109,Aditya Verma,Condo,Pinecrest,281592.35,Showing Completed,False,,,,,Price too high,0.0,False
L10330,2025-06-15,Walk-in,A109,Aditya Verma,Condo,Lakeview,413665.39,Closed,True,2025-07-23,38.0,0.028,11582.63,,,False
L10331,2025-05-28,Open House,A113,Rahul Chawla,Condo,Harborview,376724.17,Showing Completed,False,,,,,Still in progress,21.0,False
L10332,2025-06-04,Website,A102,Ananya Iyer,Townhouse,Pinecrest,259943.32,Showing Scheduled,False,,,,,Changed mind,0.0,False
L10333,2025-11-05,Social Media,A109,Aditya Verma,Multi-Family,Harborview,681603.77,Lead (Uncontacted),False,,,,,Never contacted,16.0,False
L10334,2025-04-08,Social Media,A113,Rahul Chawla,Single Family,Downtown Core,514303.17,Showing Completed,False,,,,,Chose competitor,1.0,False
L10335,2025-04-03,Referral,A102,Ananya Iyer,Multi-Family,Sunset Hills,614764.3,Closed,True,2025-04-29,26.0,0.028,17213.4,,,False
L10336,2025-07-09,Referral,A102,Ananya Iyer,Townhouse,Pinecrest,352876.89,Contacted,False,,,,,Went cold / unresponsive,1.0,False
L10337,2025-03-06,Website,A104,Sneha Rao,Condo,Riverside Heights,444536.0,Showing Scheduled,False,,,,,Price too high,5.0,False
L10338,2025-02-01,Zillow,A110,Ishita Bose,Condo,Downtown Core,418713.08,Offer Made,False,,,,,Financing fell through,6.0,False
L10339,2025-10-22,Walk-in,A105,Arjun Nair,Townhouse,Maple Grove,262588.26,Contacted,False,,,,,Price too high,2.0,False
L10340,2025-11-06,Social Media,A102,Ananya Iyer,Condo,Riverside Heights,419150.37,Showing Completed,False,,,,,Price too high,8.0,False
L10341,2025-09-03,Referral,A104,Sneha Rao,Single Family,Oakridge,359461.2,Showing Scheduled,False,,,,,Changed mind,8.0,False
L10342,2025-11-11,Referral,A105,Arjun Nair,Townhouse,Downtown Core,465951.69,Contacted,False,,,,,Price too high,11.0,False
L10343,2025-01-13,Open House,A103,Karan Malhotra,Townhouse,Pinecrest,346699.46,Contacted,False,,,,,Price too high,4.0,False
L10344,2025-08-07,Open House,A104,Sneha Rao,Condo,Oakridge,236669.44,Offer Made,False,,,,,Financing fell through,6.0,False
L10345,2025-10-13,Walk-in,A102,Ananya Iyer,Condo,Maple Grove,222444.36,Lead (Uncontacted),False,,,,,Never contacted,14.0,False
L10346,2025-05-23,Zillow,A112,Pooja Reddy,Single Family,Oakridge,278724.38,Lead (Uncontacted),False,,,,,Never contacted,7.0,False
L10347,2025-11-09,Zillow,A100,Priya Sharma,Single Family,Riverside Heights,586755.93,Contacted,False,,,,,Price too high,0.0,False
L10348,2025-03-13,Zillow,A103,Karan Malhotra,Single Family,Riverside Heights,537397.46,Lead (Uncontacted),False,,,,,Never contacted,11.0,False
L10349,2025-06-20,Website,A102,Ananya Iyer,Single Family,Pinecrest,383880.6,Showing Completed,False,,,,,Still in progress,26.0,True
L10350,2025-08-15,Zillow,A104,Sneha Rao,Townhouse,Downtown Core,629114.29,Closed,True,2025-10-01,47.0,0.028,17615.2,,,False
L10351,2025-04-29,Website,A108,Neha Gupta,Condo,Harborview,420947.01,Showing Completed,False,,,,,Chose competitor,6.0,False
L10352,2025-03-24,Website,A108,Neha Gupta,Single Family,Lakeview,424117.33,Showing Completed,False,,,,,Chose competitor,4.0,False
L10353,2025-05-17,Walk-in,A113,Rahul Chawla,Single Family,Harborview,409549.02,Contacted,False,,,,,Chose competitor,4.0,False
L10354,2025-04-28,Zillow,A113,Rahul Chawla,Single Family,Harborview,524645.36,Contacted,False,,,,,Went cold / unresponsive,8.0,False
L10355,2025-04-15,Social Media,A112,Pooja Reddy,Townhouse,Harborview,426431.81,Showing Completed,False,,,,,Still in progress,23.0,True
L10356,2025-03-07,Open House,A110,Ishita Bose,Single Family,Riverside Heights,664739.38,Showing Completed,False,,,,,Price too high,13.0,False
L10357,2025-01-25,Zillow,A104,Sneha Rao,Condo,Maple Grove,285873.32,Showing Completed,False,,,,,Chose competitor,13.0,False
L10358,2025-12-26,Website,A113,Rahul Chawla,Townhouse,Sunset Hills,300584.38,Contacted,False,,,,,Chose competitor,3.0,False
L10359,2025-12-24,Referral,A112,Pooja Reddy,Townhouse,Oakridge,250945.16,Showing Completed,False,,,,,Price too high,10.0,False
L10360,2025-08-08,Zillow,A101,Rohan Mehta,Single Family,Downtown Core,581774.99,Lead (Uncontacted),False,,,,,Never contacted,3.0,False
L10361,2025-04-11,Social Media,A106,Divya Kapoor,Single Family,Pinecrest,275608.24,Offer Made,False,,,,,Still in progress,6.0,False
L10362,2025-03-31,Zillow,A105,Arjun Nair,Townhouse,Riverside Heights,434637.77,Contacted,False,,,,,Chose competitor,24.0,True
L10363,2025-08-29,Zillow,A102,Ananya Iyer,Single Family,Pinecrest,350006.53,Showing Completed,False,,,,,Price too high,5.0,False
L10364,2025-07-17,Website,A113,Rahul Chawla,Single Family,Sunset Hills,507234.9,Contacted,False,,,,,Chose competitor,26.0,True
L10365,2025-12-03,Walk-in,A103,Karan Malhotra,Single Family,Pinecrest,419519.11,Showing Completed,False,,,,,Price too high,3.0,False
L10366,2025-10-15,Zillow,A113,Rahul Chawla,Multi-Family,Downtown Core,834943.17,Offer Made,False,,,,,Chose competitor,8.0,False
L10367,2025-10-07,Referral,A113,Rahul Chawla,Single Family,Maple Grove,290230.74,Lead (Uncontacted),False,,,,,Never contacted,3.0,False
L10368,2025-04-13,Open House,A112,Pooja Reddy,Single Family,Lakeview,488743.69,Contacted,False,,,,,Financing fell through,13.0,False
L10369,2025-05-31,Zillow,A109,Aditya Verma,Single Family,Lakeview,540834.36,Showing Scheduled,False,,,,,Financing fell through,4.0,False
L10370,2025-04-06,Social Media,A103,Karan Malhotra,Townhouse,Harborview,431250.71,Contacted,False,,,,,Chose competitor,21.0,False
L10371,2025-10-24,Zillow,A112,Pooja Reddy,Townhouse,Harborview,434484.86,Contacted,False,,,,,Still in progress,5.0,False
L10372,2025-09-08,Referral,A105,Arjun Nair,Condo,Oakridge,255976.09,Contacted,False,,,,,Price too high,6.0,False
L10373,2025-02-16,Zillow,A104,Sneha Rao,Single Family,Maple Grove,306126.57,Contacted,False,,,,,Went cold / unresponsive,1.0,False
L10374,2025-11-10,Zillow,A106,Divya Kapoor,Townhouse,Maple Grove,356278.77,Contacted,False,,,,,Price too high,1.0,False
L10375,2025-03-05,Zillow,A101,Rohan Mehta,Single Family,Oakridge,332988.47,Showing Scheduled,False,,,,,Chose competitor,5.0,False
L10376,2025-09-19,Referral,A112,Pooja Reddy,Townhouse,Harborview,401641.49,Showing Completed,False,,,,,Chose competitor,8.0,False
L10377,2025-03-04,Referral,A100,Priya Sharma,Condo,Pinecrest,273476.69,Showing Scheduled,False,,,,,Still in progress,2.0,False
L10378,2025-10-19,Open House,A112,Pooja Reddy,Multi-Family,Harborview,692928.31,Showing Scheduled,False,,,,,Price too high,2.0,False
L10379,2025-10-02,Walk-in,A100,Priya Sharma,Condo,Oakridge,232804.56,Showing Completed,False,,,,,Went cold / unresponsive,13.0,False
L10380,2025-12-22,Zillow,A106,Divya Kapoor,Single Family,Maple Grove,525965.48,Showing Scheduled,False,,,,,Chose competitor,37.0,True
L10381,2025-03-11,Zillow,A104,Sneha Rao,Single Family,Riverside Heights,480666.14,Contacted,False,,,,,Price too high,7.0,False
L10382,2025-06-14,Referral,A100,Priya Sharma,Condo,Downtown Core,301630.91,Showing Scheduled,False,,,,,Price too high,5.0,False
L10383,2025-07-08,Zillow,A101,Rohan Mehta,Single Family,Pinecrest,438756.58,Contacted,False,,,,,Went cold / unresponsive,5.0,False
L10384,2025-05-24,Zillow,A109,Aditya Verma,Condo,Harborview,483876.72,Closed,True,2025-07-11,48.0,0.028,13548.55,,,False
L10385,2025-12-14,Zillow,A103,Karan Malhotra,Condo,Downtown Core,344327.73,Contacted,False,,,,,Went cold / unresponsive,15.0,False
L10386,2025-10-10,Website,A107,Vikram Singh,Single Family,Downtown Core,559330.53,Contacted,False,,,,,Went cold / unresponsive,8.0,False
L10387,2025-09-23,Zillow,A104,Sneha Rao,Townhouse,Oakridge,335543.52,Showing Completed,False,,,,,Chose competitor,0.0,False
L10388,2025-01-12,Referral,A109,Aditya Verma,Townhouse,Downtown Core,525582.68,Closed,True,2025-02-07,26.0,0.028,14716.32,,,False
L10389,2025-06-08,Referral,A109,Aditya Verma,Single Family,Lakeview,457089.23,Showing Scheduled,False,,,,,Went cold / unresponsive,1.0,False
L10390,2025-05-26,Referral,A105,Arjun Nair,Condo,Oakridge,314654.17,Contacted,False,,,,,Still in progress,1.0,False
L10391,2025-08-05,Social Media,A114,Tanvi Joshi,Townhouse,Pinecrest,339226.87,Contacted,False,,,,,Went cold / unresponsive,8.0,False
L10392,2025-05-29,Open House,A110,Ishita Bose,Single Family,Oakridge,376159.66,Showing Completed,False,,,,,Chose competitor,10.0,False
L10393,2025-02-13,Zillow,A104,Sneha Rao,Single Family,Lakeview,455858.97,Showing Completed,False,,,,,Went cold / unresponsive,1.0,False
L10394,2025-04-20,Referral,A110,Ishita Bose,Single Family,Downtown Core,696320.61,Showing Scheduled,False,,,,,Changed mind,8.0,False
L10395,2025-05-09,Zillow,A101,Rohan Mehta,Condo,Sunset Hills,252771.25,Showing Completed,False,,,,,Financing fell through,7.0,False
L10396,2025-02-27,Social Media,A114,Tanvi Joshi,Condo,Riverside Heights,265212.6,Showing Completed,False,,,,,Went cold / unresponsive,11.0,False
L10397,2025-03-14,Zillow,A110,Ishita Bose,Condo,Lakeview,369029.54,Showing Scheduled,False,,,,,Price too high,15.0,False
L10398,2025-12-08,Website,A110,Ishita Bose,Single Family,Pinecrest,450215.68,Closed,True,2026-01-06,29.0,0.028,12606.04,,,False
L10399,2025-09-25,Walk-in,A109,Aditya Verma,Townhouse,Downtown Core,407738.92,Offer Made,False,,,,,Went cold / unresponsive,3.0,False
L10400,2025-09-20,Zillow,A108,Neha Gupta,Condo,Lakeview,396140.67,Showing Completed,False,,,,,Went cold / unresponsive,4.0,False
L10401,2025-09-26,Social Media,A100,Priya Sharma,Single Family,Riverside Heights,579249.73,Contacted,False,,,,,Chose competitor,11.0,False
L10402,2025-10-06,Zillow,A110,Ishita Bose,Condo,Downtown Core,465788.74,Showing Completed,False,,,,,Financing fell through,0.0,False
L10403,2025-07-27,Referral,A100,Priya Sharma,Condo,Downtown Core,252031.37,Contacted,False,,,,,Still in progress,6.0,False
L10404,2025-11-16,Social Media,A100,Priya Sharma,Condo,Oakridge,323372.95,Contacted,False,,,,,Went cold / unresponsive,30.0,True
L10405,2025-11-02,Referral,A106,Divya Kapoor,Condo,Oakridge,204614.98,Closed,True,2025-12-04,32.0,0.028,5729.22,,,False
L10406,2025-07-08,Referral,A108,Neha Gupta,Condo,Riverside Heights,392615.83,Showing Scheduled,False,,,,,Went cold / unresponsive,0.0,False
L10407,2025-09-08,Zillow,A113,Rahul Chawla,Single Family,Lakeview,475059.8,Contacted,False,,,,,Price too high,28.0,True
L10408,2025-10-05,Walk-in,A108,Neha Gupta,Townhouse,Sunset Hills,402386.42,Contacted,False,,,,,Still in progress,15.0,False
L10409,2025-06-01,Open House,A113,Rahul Chawla,Single Family,Maple Grove,509722.94,Showing Completed,False,,,,,Went cold / unresponsive,6.0,False
L10410,2025-09-03,Walk-in,A113,Rahul Chawla,Single Family,Riverside Heights,375745.28,Contacted,False,,,,,Chose competitor,1.0,False
L10411,2025-07-29,Zillow,A109,Aditya Verma,Single Family,Sunset Hills,403331.25,Offer Made,False,,,,,Still in progress,8.0,False
L10412,2025-05-14,Zillow,A111,Sameer Khan,Condo,Lakeview,293329.76,Offer Made,False,,,,,Price too high,5.0,False
L10413,2025-02-11,Referral,A106,Divya Kapoor,Single Family,Sunset Hills,431001.4,Contacted,False,,,,,Went cold / unresponsive,4.0,False
L10414,2025-12-14,Website,A100,Priya Sharma,Single Family,Maple Grove,354893.72,Contacted,False,,,,,Chose competitor,19.0,False
L10415,2025-03-26,Social Media,A112,Pooja Reddy,Single Family,Maple Grove,400351.58,Showing Completed,False,,,,,Chose competitor,2.0,False
L10416,2025-10-05,Referral,A113,Rahul Chawla,Townhouse,Maple Grove,254880.02,Contacted,False,,,,,Price too high,29.0,True
L10417,2025-10-06,Walk-in,A104,Sneha Rao,Single Family,Lakeview,527279.82,Lead (Uncontacted),False,,,,,Never contacted,11.0,False
L10418,2025-10-11,Social Media,A102,Ananya Iyer,Single Family,Sunset Hills,504390.44,Showing Completed,False,,,,,Financing fell through,6.0,False
L10419,2025-10-07,Zillow,A100,Priya Sharma,Single Family,Sunset Hills,423955.28,Closed,True,2025-11-28,52.0,0.028,11870.75,,,False
L10420,2025-04-24,Walk-in,A109,Aditya Verma,Condo,Maple Grove,319408.54,Contacted,False,,,,,Still in progress,3.0,False
L10421,2025-08-21,Website,A114,Tanvi Joshi,Townhouse,Harborview,389056.49,Contacted,False,,,,,Went cold / unresponsive,0.0,False
L10422,2025-06-29,Referral,A111,Sameer Khan,Single Family,Lakeview,561876.39,Closed,True,2025-08-17,49.0,0.028,15732.54,,,False
L10423,2025-06-22,Zillow,A106,Divya Kapoor,Condo,Sunset Hills,288352.96,Showing Scheduled,False,,,,,Still in progress,23.0,True
L10424,2025-12-09,Social Media,A102,Ananya Iyer,Single Family,Harborview,491932.95,Showing Completed,False,,,,,Went cold / unresponsive,1.0,False
L10425,2025-12-06,Zillow,A108,Neha Gupta,Condo,Maple Grove,257214.63,Closed,True,2025-12-25,19.0,0.028,7202.01,,,False
L10426,2025-01-28,Zillow,A101,Rohan Mehta,Single Family,Lakeview,417804.24,Showing Completed,False,,,,,Chose competitor,13.0,False
L10427,2025-12-21,Referral,A108,Neha Gupta,Multi-Family,Pinecrest,361763.79,Closed,True,2026-02-15,56.0,0.028,10129.39,,,False
L10428,2025-12-11,Open House,A107,Vikram Singh,Single Family,Maple Grove,305538.98,Contacted,False,,,,,Still in progress,9.0,False
L10429,2025-02-03,Open House,A103,Karan Malhotra,Single Family,Riverside Heights,446380.26,Contacted,False,,,,,Went cold / unresponsive,0.0,False
L10430,2025-01-30,Walk-in,A102,Ananya Iyer,Townhouse,Maple Grove,285890.24,Contacted,False,,,,,Price too high,4.0,False
L10431,2025-10-03,Website,A105,Arjun Nair,Townhouse,Oakridge,283415.4,Contacted,False,,,,,Still in progress,0.0,False
L10432,2025-07-10,Website,A102,Ananya Iyer,Single Family,Downtown Core,718556.31,Contacted,False,,,,,Chose competitor,2.0,False
L10433,2025-03-14,Referral,A112,Pooja Reddy,Condo,Lakeview,346753.69,Offer Made,False,,,,,Went cold / unresponsive,27.0,True
L10434,2025-10-14,Open House,A111,Sameer Khan,Townhouse,Riverside Heights,406371.45,Lead (Uncontacted),False,,,,,Never contacted,5.0,False
L10435,2025-07-14,Referral,A109,Aditya Verma,Townhouse,Pinecrest,382515.1,Showing Completed,False,,,,,Chose competitor,5.0,False
L10436,2025-12-27,Open House,A102,Ananya Iyer,Townhouse,Harborview,506530.19,Contacted,False,,,,,Still in progress,18.0,False
L10437,2025-08-20,Referral,A114,Tanvi Joshi,Single Family,Downtown Core,625934.54,Showing Completed,False,,,,,Went cold / unresponsive,26.0,True
L10438,2025-08-03,Social Media,A111,Sameer Khan,Single Family,Sunset Hills,428340.28,Showing Completed,False,,,,,Chose competitor,2.0,False
L10439,2025-08-10,Open House,A100,Priya Sharma,Single Family,Oakridge,433645.16,Lead (Uncontacted),False,,,,,Never contacted,20.0,False
L10440,2025-06-06,Open House,A111,Sameer Khan,Townhouse,Oakridge,223565.7,Contacted,False,,,,,Chose competitor,20.0,False
L10441,2025-03-28,Referral,A100,Priya Sharma,Townhouse,Downtown Core,487537.76,Contacted,False,,,,,Went cold / unresponsive,2.0,False
L10442,2025-02-17,Website,A107,Vikram Singh,Condo,Downtown Core,402916.78,Contacted,False,,,,,Price too high,18.0,False
L10443,2025-12-04,Website,A110,Ishita Bose,Single Family,Riverside Heights,451199.73,Contacted,False,,,,,Price too high,32.0,True
L10444,2025-07-09,Website,A109,Aditya Verma,Single Family,Downtown Core,562545.73,Lead (Uncontacted),False,,,,,Never contacted,3.0,False
L10445,2025-02-03,Walk-in,A105,Arjun Nair,Single Family,Sunset Hills,413303.43,Showing Completed,False,,,,,Financing fell through,21.0,False
L10446,2025-12-13,Zillow,A107,Vikram Singh,Single Family,Harborview,558864.21,Showing Completed,False,,,,,Financing fell through,5.0,False
L10447,2025-12-02,Walk-in,A102,Ananya Iyer,Townhouse,Maple Grove,274017.2,Contacted,False,,,,,Went cold / unresponsive,3.0,False
L10448,2025-01-16,Website,A114,Tanvi Joshi,Single Family,Lakeview,495529.38,Contacted,False,,,,,Financing fell through,19.0,False
L10449,2025-09-08,Referral,A108,Neha Gupta,Condo,Sunset Hills,243980.09,Contacted,False,,,,,Still in progress,5.0,False
L10450,2025-02-28,Referral,A107,Vikram Singh,Single Family,Downtown Core,666142.7,Contacted,False,,,,,Price too high,0.0,False
L10451,2025-01-18,Social Media,A103,Karan Malhotra,Single Family,Maple Grove,455587.08,Contacted,False,,,,,Went cold / unresponsive,16.0,False
L10452,2025-09-07,Social Media,A110,Ishita Bose,Condo,Sunset Hills,208171.77,Showing Scheduled,False,,,,,Chose competitor,8.0,False
L10453,2025-09-08,Open House,A111,Sameer Khan,Townhouse,Riverside Heights,350384.5,Contacted,False,,,,,Price too high,0.0,False
L10454,2025-08-29,Social Media,A100,Priya Sharma,Multi-Family,Sunset Hills,691393.6,Closed,True,2025-10-03,35.0,0.028,19359.02,,,False
L10455,2025-02-11,Zillow,A114,Tanvi Joshi,Townhouse,Downtown Core,382323.86,Contacted,False,,,,,Price too high,3.0,False
L10456,2025-02-26,Open House,A104,Sneha Rao,Single Family,Sunset Hills,437621.8,Contacted,False,,,,,Price too high,17.0,False
L10457,2025-10-04,Zillow,A101,Rohan Mehta,Multi-Family,Downtown Core,877002.06,Showing Scheduled,False,,,,,Price too high,7.0,False
L10458,2025-06-11,Walk-in,A113,Rahul Chawla,Multi-Family,Riverside Heights,710981.4,Offer Made,False,,,,,Price too high,3.0,False
L10459,2025-05-09,Zillow,A111,Sameer Khan,Townhouse,Lakeview,541590.52,Contacted,False,,,,,Price too high,4.0,False
L10460,2025-02-24,Zillow,A100,Priya Sharma,Single Family,Pinecrest,439341.55,Contacted,False,,,,,Price too high,14.0,False
L10461,2025-06-03,Referral,A114,Tanvi Joshi,Single Family,Sunset Hills,500147.17,Contacted,False,,,,,Went cold / unresponsive,5.0,False
L10462,2025-08-12,Zillow,A110,Ishita Bose,Townhouse,Pinecrest,237183.31,Lead (Uncontacted),False,,,,,Never contacted,9.0,False
L10463,2025-07-28,Walk-in,A110,Ishita Bose,Condo,Lakeview,246573.42,Contacted,False,,,,,Went cold / unresponsive,8.0,False
L10464,2025-07-06,Social Media,A108,Neha Gupta,Condo,Sunset Hills,255435.57,Showing Completed,False,,,,,Chose competitor,11.0,False
L10465,2025-01-25,Referral,A110,Ishita Bose,Single Family,Maple Grove,437326.6,Closed,True,2025-03-02,36.0,0.028,12245.14,,,False
L10466,2025-05-17,Social Media,A100,Priya Sharma,Condo,Sunset Hills,266692.5,Showing Completed,False,,,,,Went cold / unresponsive,2.0,False
L10467,2025-04-11,Zillow,A104,Sneha Rao,Single Family,Riverside Heights,480561.98,Showing Scheduled,False,,,,,Price too high,0.0,False
L10468,2025-09-22,Zillow,A108,Neha Gupta,Condo,Lakeview,284212.7,Showing Completed,False,,,,,Price too high,6.0,False
L10469,2025-10-25,Website,A103,Karan Malhotra,Condo,Harborview,220109.71,Offer Made,False,,,,,Went cold / unresponsive,17.0,False
L10470,2025-10-29,Social Media,A111,Sameer Khan,Condo,Sunset Hills,271828.95,Showing Completed,False,,,,,Price too high,0.0,False
L10471,2025-08-21,Zillow,A108,Neha Gupta,Condo,Sunset Hills,222772.48,Showing Completed,False,,,,,Price too high,4.0,False
L10472,2025-04-18,Referral,A107,Vikram Singh,Single Family,Maple Grove,434041.37,Contacted,False,,,,,Went cold / unresponsive,12.0,False
L10473,2025-08-22,Open House,A106,Divya Kapoor,Single Family,Lakeview,409747.57,Lead (Uncontacted),False,,,,,Never contacted,2.0,False
L10474,2025-10-03,Website,A112,Pooja Reddy,Condo,Lakeview,302438.83,Contacted,False,,,,,Went cold / unresponsive,14.0,False
L10475,2025-12-22,Social Media,A108,Neha Gupta,Single Family,Oakridge,315826.58,Showing Scheduled,False,,,,,Went cold / unresponsive,5.0,False
L10476,2025-02-22,Zillow,A112,Pooja Reddy,Single Family,Downtown Core,1009957.27,Contacted,False,,,,,Still in progress,2.0,False
L10477,2025-11-24,Zillow,A102,Ananya Iyer,Townhouse,Oakridge,297078.7,Showing Scheduled,False,,,,,Went cold / unresponsive,5.0,False
L10478,2025-04-29,Social Media,A110,Ishita Bose,Multi-Family,Lakeview,412602.69,Closed,True,2025-07-20,82.0,0.028,11552.88,,,False
L10479,2025-05-01,Website,A102,Ananya Iyer,Single Family,Sunset Hills,514697.75,Lead (Uncontacted),False,,,,,Never contacted,13.0,False
L10480,2025-05-20,Social Media,A110,Ishita Bose,Condo,Harborview,353943.46,Closed,True,2025-06-03,14.0,0.028,9910.42,,,False
L10481,2025-08-30,Walk-in,A102,Ananya Iyer,Single Family,Lakeview,558891.69,Showing Completed,False,,,,,Still in progress,6.0,False
L10482,2025-03-27,Zillow,A110,Ishita Bose,Single Family,Lakeview,463819.65,Contacted,False,,,,,Price too high,8.0,False
L10483,2025-02-26,Website,A106,Divya Kapoor,Single Family,Harborview,445282.05,Closed,True,2025-04-04,37.0,0.028,12467.9,,,False
L10484,2025-08-22,Walk-in,A103,Karan Malhotra,Single Family,Sunset Hills,388508.24,Offer Made,False,,,,,Price too high,0.0,False
L10485,2025-08-17,Zillow,A112,Pooja Reddy,Single Family,Riverside Heights,630820.19,Showing Completed,False,,,,,Chose competitor,3.0,False
L10486,2025-01-13,Referral,A105,Arjun Nair,Single Family,Lakeview,520797.94,Showing Completed,False,,,,,Financing fell through,14.0,False
L10487,2025-01-18,Open House,A104,Sneha Rao,Multi-Family,Oakridge,711503.9,Lead (Uncontacted),False,,,,,Never contacted,9.0,False
L10488,2025-09-12,Zillow,A103,Karan Malhotra,Single Family,Maple Grove,330412.72,Showing Scheduled,False,,,,,Chose competitor,9.0,False
L10489,2025-07-23,Referral,A109,Aditya Verma,Multi-Family,Harborview,732816.8,Offer Made,False,,,,,Went cold / unresponsive,22.0,True
L10490,2025-12-21,Website,A101,Rohan Mehta,Single Family,Maple Grove,546200.47,Showing Completed,False,,,,,Chose competitor,9.0,False
L10491,2025-08-07,Referral,A104,Sneha Rao,Condo,Oakridge,225752.97,Showing Scheduled,False,,,,,Chose competitor,42.0,True
L10492,2025-12-19,Walk-in,A111,Sameer Khan,Single Family,Lakeview,571036.69,Contacted,False,,,,,Still in progress,4.0,False
L10493,2025-04-13,Walk-in,A101,Rohan Mehta,Multi-Family,Oakridge,456780.35,Lead (Uncontacted),False,,,,,Never contacted,11.0,False
L10494,2025-04-11,Zillow,A113,Rahul Chawla,Single Family,Riverside Heights,578004.36,Lead (Uncontacted),False,,,,,Never contacted,2.0,False
L10495,2025-07-01,Walk-in,A110,Ishita Bose,Single Family,Downtown Core,471603.26,Showing Scheduled,False,,,,,Went cold / unresponsive,12.0,False
L10496,2025-03-04,Social Media,A105,Arjun Nair,Townhouse,Downtown Core,580313.3,Showing Completed,False,,,,,Price too high,2.0,False
L10497,2025-08-22,Open House,A113,Rahul Chawla,Single Family,Maple Grove,427302.23,Contacted,False,,,,,Price too high,30.0,True
L10498,2025-05-30,Social Media,A108,Neha Gupta,Condo,Maple Grove,346646.61,Offer Made,False,,,,,Price too high,15.0,False
L10499,2025-04-08,Zillow,A110,Ishita Bose,Single Family,Downtown Core,718622.38,Offer Made,False,,,,,Financing fell through,27.0,True
L10500,2025-11-07,Open House,A106,Divya Kapoor,Townhouse,Riverside Heights,366415.54,Contacted,False,,,,,Still in progress,2.0,False
L10501,2025-06-14,Referral,A100,Priya Sharma,Townhouse,Harborview,439253.45,Showing Scheduled,False,,,,,Went cold / unresponsive,9.0,False
L10502,2025-04-27,Referral,A107,Vikram Singh,Townhouse,Downtown Core,356091.64,Contacted,False,,,,,Chose competitor,44.0,True
L10503,2025-01-10,Zillow,A102,Ananya Iyer,Townhouse,Maple Grove,313660.91,Contacted,False,,,,,Price too high,1.0,False
L10504,2025-06-20,Website,A104,Sneha Rao,Single Family,Oakridge,400401.79,Contacted,False,,,,,Price too high,14.0,False
L10505,2025-04-18,Social Media,A106,Divya Kapoor,Condo,Maple Grove,259649.05,Contacted,False,,,,,Still in progress,4.0,False
L10506,2025-01-25,Website,A113,Rahul Chawla,Multi-Family,Pinecrest,510034.54,Lead (Uncontacted),False,,,,,Never contacted,1.0,False
L10507,2025-12-19,Website,A104,Sneha Rao,Single Family,Harborview,483881.07,Lead (Uncontacted),False,,,,,Never contacted,0.0,False
L10508,2025-06-21,Website,A101,Rohan Mehta,Single Family,Pinecrest,340019.49,Showing Scheduled,False,,,,,Still in progress,4.0,False
L10509,2025-10-02,Website,A113,Rahul Chawla,Single Family,Maple Grove,385923.41,Lead (Uncontacted),False,,,,,Never contacted,0.0,False
L10510,2025-03-03,Referral,A114,Tanvi Joshi,Condo,Riverside Heights,351948.3,Contacted,False,,,,,Changed mind,3.0,False
L10511,2025-07-16,Zillow,A107,Vikram Singh,Single Family,Oakridge,329294.5,Contacted,False,,,,,Price too high,3.0,False
L10512,2025-12-10,Referral,A104,Sneha Rao,Single Family,Downtown Core,436799.97,Showing Scheduled,False,,,,,Price too high,2.0,False
L10513,2025-07-30,Referral,A104,Sneha Rao,Condo,Downtown Core,505065.27,Contacted,False,,,,,Price too high,13.0,False
L10514,2025-01-27,Open House,A102,Ananya Iyer,Single Family,Pinecrest,180380.24,Contacted,False,,,,,Still in progress,2.0,False
L10515,2025-02-07,Zillow,A113,Rahul Chawla,Condo,Lakeview,340788.08,Contacted,False,,,,,Went cold / unresponsive,1.0,False
L10516,2025-08-23,Website,A108,Neha Gupta,Condo,Sunset Hills,184868.39,Closed,True,2025-09-28,36.0,0.028,5176.31,,,False
L10517,2025-06-27,Walk-in,A102,Ananya Iyer,Townhouse,Pinecrest,194639.33,Contacted,False,,,,,Went cold / unresponsive,15.0,False
L10518,2025-11-14,Zillow,A109,Aditya Verma,Townhouse,Pinecrest,300421.46,Contacted,False,,,,,Chose competitor,6.0,False
L10519,2025-03-19,Referral,A107,Vikram Singh,Multi-Family,Downtown Core,886338.2,Showing Completed,False,,,,,Went cold / unresponsive,1.0,False
L10520,2025-11-18,Referral,A106,Divya Kapoor,Single Family,Oakridge,329348.32,Closed,True,2025-12-18,30.0,0.028,9221.75,,,False
L10521,2025-09-16,Zillow,A105,Arjun Nair,Multi-Family,Downtown Core,914813.02,Offer Made,False,,,,,Financing fell through,0.0,False
L10522,2025-09-15,Website,A100,Priya Sharma,Condo,Lakeview,286023.83,Showing Completed,False,,,,,Went cold / unresponsive,3.0,False
L10523,2025-03-10,Walk-in,A104,Sneha Rao,Single Family,Harborview,529394.1,Contacted,False,,,,,Chose competitor,10.0,False
L10524,2025-02-04,Website,A113,Rahul Chawla,Single Family,Harborview,724280.82,Showing Completed,False,,,,,Went cold / unresponsive,9.0,False
L10525,2025-03-07,Zillow,A100,Priya Sharma,Single Family,Pinecrest,255480.35,Lead (Uncontacted),False,,,,,Never contacted,1.0,False
L10526,2025-04-01,Website,A100,Priya Sharma,Single Family,Lakeview,495614.34,Showing Scheduled,False,,,,,Went cold / unresponsive,5.0,False
L10527,2025-10-05,Referral,A107,Vikram Singh,Townhouse,Riverside Heights,479764.26,Showing Scheduled,False,,,,,Price too high,20.0,False
L10528,2025-08-13,Zillow,A104,Sneha Rao,Single Family,Downtown Core,718011.32,Offer Made,False,,,,,Chose competitor,24.0,True
L10529,2025-12-13,Zillow,A101,Rohan Mehta,Townhouse,Oakridge,322605.24,Contacted,False,,,,,Chose competitor,5.0,False
L10530,2025-06-03,Social Media,A101,Rohan Mehta,Single Family,Lakeview,555322.45,Contacted,False,,,,,Still in progress,19.0,False
L10531,2025-03-05,Referral,A106,Divya Kapoor,Condo,Harborview,388227.56,Contacted,False,,,,,Changed mind,0.0,False
L10532,2025-04-09,Open House,A106,Divya Kapoor,Single Family,Maple Grove,494548.01,Showing Completed,False,,,,,Went cold / unresponsive,2.0,False
L10533,2025-03-10,Referral,A100,Priya Sharma,Condo,Maple Grove,329252.44,Showing Completed,False,,,,,Chose competitor,5.0,False
L10534,2025-07-08,Social Media,A104,Sneha Rao,Multi-Family,Downtown Core,491752.61,Contacted,False,,,,,Chose competitor,0.0,False
L10535,2025-09-16,Zillow,A109,Aditya Verma,Single Family,Harborview,513066.42,Contacted,False,,,,,Financing fell through,6.0,False
L10536,2025-08-05,Referral,A109,Aditya Verma,Townhouse,Maple Grove,260438.87,Closed,True,2025-09-22,48.0,0.028,7292.29,,,False
L10537,2025-09-06,Social Media,A112,Pooja Reddy,Townhouse,Lakeview,539890.78,Contacted,False,,,,,Went cold / unresponsive,13.0,False
L10538,2025-12-08,Website,A112,Pooja Reddy,Single Family,Oakridge,377997.89,Lead (Uncontacted),False,,,,,Never contacted,5.0,False
L10539,2025-03-14,Referral,A107,Vikram Singh,Single Family,Pinecrest,341363.08,Contacted,False,,,,,Changed mind,5.0,False
L10540,2025-02-11,Open House,A112,Pooja Reddy,Townhouse,Oakridge,340652.21,Closed,True,2025-03-10,27.0,0.028,9538.26,,,False
L10541,2025-02-22,Referral,A111,Sameer Khan,Condo,Sunset Hills,303474.98,Contacted,False,,,,,Still in progress,0.0,False
L10542,2025-04-27,Website,A112,Pooja Reddy,Single Family,Riverside Heights,520478.03,Contacted,False,,,,,Price too high,12.0,False
L10543,2025-11-29,Referral,A103,Karan Malhotra,Condo,Maple Grove,249801.81,Showing Completed,False,,,,,Still in progress,1.0,False
L10544,2025-08-06,Website,A103,Karan Malhotra,Single Family,Riverside Heights,621899.03,Showing Completed,False,,,,,Chose competitor,3.0,False
L10545,2025-07-23,Zillow,A108,Neha Gupta,Single Family,Downtown Core,558584.19,Contacted,False,,,,,Price too high,10.0,False
L10546,2025-11-29,Social Media,A102,Ananya Iyer,Multi-Family,Maple Grove,437733.89,Closed,True,2026-01-21,53.0,0.028,12256.55,,,False
L10547,2025-04-19,Referral,A106,Divya Kapoor,Townhouse,Harborview,331929.35,Showing Completed,False,,,,,Still in progress,4.0,False
L10548,2025-10-27,Website,A107,Vikram Singh,Condo,Harborview,218385.68,Showing Completed,False,,,,,Still in progress,8.0,False
L10549,2025-12-19,Walk-in,A114,Tanvi Joshi,Single Family,Lakeview,460807.51,Lead (Uncontacted),False,,,,,Never contacted,11.0,False
L10550,2025-05-03,Open House,A111,Sameer Khan,Single Family,Downtown Core,585496.17,Lead (Uncontacted),False,,,,,Never contacted,4.0,False
L10551,2025-02-01,Website,A106,Divya Kapoor,Single Family,Downtown Core,511932.49,Lead (Uncontacted),False,,,,,Never contacted,1.0,False
L10552,2025-05-26,Social Media,A110,Ishita Bose,Single Family,Lakeview,475462.62,Contacted,False,,,,,Went cold / unresponsive,12.0,False
L10553,2025-06-21,Open House,A110,Ishita Bose,Single Family,Oakridge,331956.79,Contacted,False,,,,,Changed mind,20.0,False
L10554,2025-09-12,Referral,A100,Priya Sharma,Condo,Maple Grove,177487.32,Showing Scheduled,False,,,,,Price too high,5.0,False
L10555,2025-02-14,Website,A103,Karan Malhotra,Single Family,Maple Grove,370668.97,Lead (Uncontacted),False,,,,,Never contacted,1.0,False
L10556,2025-07-04,Open House,A101,Rohan Mehta,Single Family,Downtown Core,644033.75,Offer Made,False,,,,,Went cold / unresponsive,23.0,True
L10557,2025-11-29,Referral,A100,Priya Sharma,Single Family,Sunset Hills,474849.95,Showing Completed,False,,,,,Price too high,4.0,False
L10558,2025-11-19,Website,A100,Priya Sharma,Single Family,Pinecrest,387299.15,Lead (Uncontacted),False,,,,,Never contacted,6.0,False
L10559,2025-12-20,Walk-in,A106,Divya Kapoor,Townhouse,Maple Grove,266177.59,Offer Made,False,,,,,Chose competitor,2.0,False
L10560,2025-11-25,Website,A104,Sneha Rao,Condo,Riverside Heights,402687.01,Contacted,False,,,,,Went cold / unresponsive,4.0,False
L10561,2025-06-19,Referral,A110,Ishita Bose,Multi-Family,Harborview,574523.83,Contacted,False,,,,,Price too high,21.0,False
L10562,2025-01-12,Open House,A114,Tanvi Joshi,Single Family,Harborview,769482.93,Showing Completed,False,,,,,Went cold / unresponsive,13.0,False
L10563,2025-05-24,Referral,A107,Vikram Singh,Single Family,Maple Grove,436577.89,Closed,True,2025-06-19,26.0,0.028,12224.18,,,False
L10564,2025-11-26,Social Media,A113,Rahul Chawla,Single Family,Maple Grove,382229.14,Showing Completed,False,,,,,Financing fell through,6.0,False
L10565,2025-04-14,Social Media,A109,Aditya Verma,Townhouse,Harborview,651893.22,Contacted,False,,,,,Financing fell through,15.0,False
L10566,2025-04-30,Open House,A102,Ananya Iyer,Single Family,Oakridge,338056.64,Showing Completed,False,,,,,Financing fell through,3.0,False
L10567,2025-05-09,Social Media,A114,Tanvi Joshi,Single Family,Lakeview,384104.57,Contacted,False,,,,,Still in progress,0.0,False
L10568,2025-11-10,Zillow,A103,Karan Malhotra,Multi-Family,Downtown Core,834203.13,Showing Completed,False,,,,,Chose competitor,0.0,False
L10569,2025-06-01,Social Media,A114,Tanvi Joshi,Single Family,Maple Grove,399732.67,Contacted,False,,,,,Still in progress,1.0,False
L10570,2025-10-21,Referral,A111,Sameer Khan,Condo,Riverside Heights,369624.25,Contacted,False,,,,,Financing fell through,29.0,True
L10571,2025-01-17,Zillow,A110,Ishita Bose,Condo,Oakridge,200058.23,Lead (Uncontacted),False,,,,,Never contacted,0.0,False
L10572,2025-03-10,Social Media,A112,Pooja Reddy,Townhouse,Harborview,481360.34,Contacted,False,,,,,Price too high,1.0,False
L10573,2025-04-25,Zillow,A108,Neha Gupta,Condo,Oakridge,239902.4,Lead (Uncontacted),False,,,,,Never contacted,0.0,False
L10574,2025-02-27,Referral,A100,Priya Sharma,Condo,Downtown Core,414933.28,Showing Completed,False,,,,,Price too high,11.0,False
L10575,2025-11-19,Zillow,A110,Ishita Bose,Condo,Riverside Heights,315083.54,Showing Scheduled,False,,,,,Went cold / unresponsive,1.0,False
L10576,2025-03-10,Social Media,A107,Vikram Singh,Single Family,Sunset Hills,441887.73,Contacted,False,,,,,Price too high,7.0,False
L10577,2025-02-08,Zillow,A101,Rohan Mehta,Single Family,Oakridge,299111.06,Lead (Uncontacted),False,,,,,Never contacted,24.0,True
L10578,2025-03-18,Walk-in,A101,Rohan Mehta,Single Family,Harborview,493444.11,Lead (Uncontacted),False,,,,,Never contacted,23.0,True
L10579,2025-06-18,Website,A101,Rohan Mehta,Single Family,Harborview,574989.79,Contacted,False,,,,,Chose competitor,5.0,False
L10580,2025-09-27,Referral,A104,Sneha Rao,Condo,Maple Grove,315288.3,Closed,True,2025-11-22,56.0,0.028,8828.07,,,False
L10581,2025-05-31,Zillow,A107,Vikram Singh,Condo,Oakridge,97698.54,Showing Completed,False,,,,,Still in progress,12.0,False
L10582,2025-03-25,Social Media,A113,Rahul Chawla,Condo,Maple Grove,226837.65,Contacted,False,,,,,Went cold / unresponsive,1.0,False
L10583,2025-01-16,Walk-in,A102,Ananya Iyer,Single Family,Riverside Heights,520098.39,Showing Completed,False,,,,,Chose competitor,2.0,False
L10584,2025-05-17,Open House,A106,Divya Kapoor,Townhouse,Maple Grove,315073.72,Showing Completed,False,,,,,Chose competitor,8.0,False
L10585,2025-07-18,Open House,A110,Ishita Bose,Single Family,Maple Grove,438810.35,Contacted,False,,,,,Chose competitor,23.0,True
L10586,2025-01-24,Referral,A102,Ananya Iyer,Condo,Harborview,427057.52,Lead (Uncontacted),False,,,,,Never contacted,37.0,True
L10587,2025-08-15,Zillow,A113,Rahul Chawla,Condo,Maple Grove,265355.47,Lead (Uncontacted),False,,,,,Never contacted,3.0,False
L10588,2025-08-23,Website,A100,Priya Sharma,Single Family,Downtown Core,703781.53,Lead (Uncontacted),False,,,,,Never contacted,16.0,False
L10589,2025-06-14,Walk-in,A107,Vikram Singh,Single Family,Lakeview,607160.0,Contacted,False,,,,,Price too high,0.0,False
L10590,2025-02-28,Referral,A106,Divya Kapoor,Multi-Family,Pinecrest,587581.97,Offer Made,False,,,,,Went cold / unresponsive,1.0,False
L10591,2025-11-19,Zillow,A106,Divya Kapoor,Condo,Downtown Core,443933.07,Offer Made,False,,,,,Went cold / unresponsive,1.0,False
L10592,2025-05-31,Walk-in,A102,Ananya Iyer,Single Family,Maple Grove,328797.77,Offer Made,False,,,,,Price too high,1.0,False
L10593,2025-12-03,Referral,A109,Aditya Verma,Single Family,Downtown Core,406750.22,Closed,True,2026-01-28,56.0,0.028,11389.01,,,False
L10594,2025-10-17,Zillow,A101,Rohan Mehta,Single Family,Harborview,643668.92,Lead (Uncontacted),False,,,,,Never contacted,0.0,False
L10595,2025-11-09,Website,A102,Ananya Iyer,Multi-Family,Lakeview,768339.63,Lead (Uncontacted),False,,,,,Never contacted,9.0,False
L10596,2025-08-08,Referral,A113,Rahul Chawla,Condo,Maple Grove,226639.0,Closed,True,2025-09-03,26.0,0.028,6345.89,,,False
L10597,2025-10-20,Walk-in,A111,Sameer Khan,Single Family,Pinecrest,358006.2,Contacted,False,,,,,Price too high,4.0,False
L10598,2025-12-30,Referral,A109,Aditya Verma,Single Family,Lakeview,465314.55,Showing Scheduled,False,,,,,Went cold / unresponsive,1.0,False
L10599,2025-07-08,Zillow,A112,Pooja Reddy,Condo,Downtown Core,271634.18,Showing Completed,False,,,,,Financing fell through,1.0,False
L10600,2025-02-08,Referral,A100,Priya Sharma,Single Family,Riverside Heights,397011.19,Closed,True,2025-04-17,68.0,0.028,11116.31,,,False
L10601,2025-01-22,Walk-in,A103,Karan Malhotra,Single Family,Sunset Hills,504851.49,Contacted,False,,,,,Still in progress,6.0,False
L10602,2025-09-15,Social Media,A101,Rohan Mehta,Single Family,Oakridge,367977.41,Contacted,False,,,,,Changed mind,14.0,False
L10603,2025-04-14,Website,A109,Aditya Verma,Townhouse,Pinecrest,330278.43,Closed,True,2025-05-16,32.0,0.028,9247.8,,,False
L10604,2025-11-06,Open House,A110,Ishita Bose,Multi-Family,Pinecrest,510611.81,Contacted,False,,,,,Chose competitor,0.0,False
L10605,2025-10-29,Website,A104,Sneha Rao,Townhouse,Harborview,445788.73,Closed,True,2025-12-10,42.0,0.028,12482.08,,,False
L10606,2025-10-16,Walk-in,A105,Arjun Nair,Condo,Lakeview,257231.45,Lead (Uncontacted),False,,,,,Never contacted,12.0,False
L10607,2025-04-25,Website,A109,Aditya Verma,Single Family,Harborview,658003.6,Closed,True,2025-06-07,43.0,0.028,18424.1,,,False
L10608,2025-04-28,Zillow,A100,Priya Sharma,Single Family,Downtown Core,671129.52,Offer Made,False,,,,,Went cold / unresponsive,23.0,True
L10609,2025-03-21,Website,A101,Rohan Mehta,Condo,Sunset Hills,264308.07,Offer Made,False,,,,,Price too high,0.0,False
L10610,2025-08-20,Referral,A111,Sameer Khan,Single Family,Maple Grove,487180.84,Lead (Uncontacted),False,,,,,Never contacted,25.0,True
L10611,2025-04-03,Open House,A102,Ananya Iyer,Townhouse,Lakeview,361483.56,Contacted,False,,,,,Went cold / unresponsive,7.0,False
L10612,2025-08-12,Referral,A113,Rahul Chawla,Condo,Pinecrest,179451.45,Lead (Uncontacted),False,,,,,Never contacted,2.0,False
L10613,2025-04-09,Referral,A110,Ishita Bose,Townhouse,Harborview,484432.97,Contacted,False,,,,,Went cold / unresponsive,48.0,True
L10614,2025-02-21,Open House,A112,Pooja Reddy,Single Family,Harborview,456053.51,Contacted,False,,,,,Changed mind,3.0,False
L10615,2025-09-11,Zillow,A104,Sneha Rao,Single Family,Maple Grove,523386.83,Contacted,False,,,,,Price too high,21.0,False
L10616,2025-04-10,Zillow,A104,Sneha Rao,Condo,Riverside Heights,216628.49,Showing Scheduled,False,,,,,Chose competitor,2.0,False
L10617,2025-08-24,Zillow,A105,Arjun Nair,Multi-Family,Maple Grove,469419.77,Showing Completed,False,,,,,Price too high,29.0,True
L10618,2025-07-03,Walk-in,A104,Sneha Rao,Condo,Sunset Hills,322472.38,Showing Completed,False,,,,,Chose competitor,30.0,True
L10619,2025-11-27,Social Media,A110,Ishita Bose,Townhouse,Harborview,518082.83,Showing Completed,False,,,,,Price too high,0.0,False
L10620,2025-07-08,Referral,A107,Vikram Singh,Condo,Sunset Hills,397163.53,Closed,True,2025-08-10,33.0,0.028,11120.58,,,False
L10621,2025-09-24,Social Media,A110,Ishita Bose,Condo,Maple Grove,269259.3,Contacted,False,,,,,Went cold / unresponsive,25.0,True
L10622,2025-06-30,Zillow,A101,Rohan Mehta,Condo,Oakridge,272139.43,Showing Completed,False,,,,,Changed mind,4.0,False
L10623,2025-11-23,Zillow,A110,Ishita Bose,Condo,Maple Grove,332856.83,Showing Scheduled,False,,,,,Price too high,4.0,False
L10624,2025-10-07,Referral,A103,Karan Malhotra,Townhouse,Sunset Hills,351688.82,Showing Scheduled,False,,,,,Went cold / unresponsive,24.0,True
L10625,2025-12-19,Social Media,A109,Aditya Verma,Single Family,Harborview,550181.64,Contacted,False,,,,,Went cold / unresponsive,2.0,False
L10626,2025-01-29,Walk-in,A110,Ishita Bose,Multi-Family,Downtown Core,920764.64,Showing Completed,False,,,,,Price too high,18.0,False
L10627,2025-07-22,Zillow,A112,Pooja Reddy,Condo,Sunset Hills,349881.62,Lead (Uncontacted),False,,,,,Never contacted,0.0,False
L10628,2025-11-20,Referral,A103,Karan Malhotra,Condo,Oakridge,243788.03,Contacted,False,,,,,Changed mind,3.0,False
L10629,2025-09-19,Zillow,A101,Rohan Mehta,Condo,Downtown Core,385813.99,Showing Completed,False,,,,,Went cold / unresponsive,0.0,False
L10630,2025-06-02,Walk-in,A110,Ishita Bose,Single Family,Pinecrest,393944.71,Contacted,False,,,,,Price too high,17.0,False
L10631,2025-06-16,Referral,A109,Aditya Verma,Single Family,Maple Grove,467547.1,Showing Scheduled,False,,,,,Price too high,12.0,False
L10632,2025-03-07,Social Media,A104,Sneha Rao,Single Family,Harborview,754552.72,Offer Made,False,,,,,Price too high,2.0,False
L10633,2025-04-25,Walk-in,A106,Divya Kapoor,Single Family,Pinecrest,380710.87,Contacted,False,,,,,Chose competitor,1.0,False
L10634,2025-07-22,Open House,A113,Rahul Chawla,Condo,Riverside Heights,391760.84,Showing Completed,False,,,,,Still in progress,15.0,False
L10635,2025-05-14,Referral,A101,Rohan Mehta,Condo,Oakridge,241238.68,Showing Completed,False,,,,,Financing fell through,2.0,False
L10636,2025-02-05,Open House,A107,Vikram Singh,Condo,Downtown Core,502520.42,Showing Completed,False,,,,,Financing fell through,17.0,False
L10637,2025-06-01,Zillow,A113,Rahul Chawla,Multi-Family,Harborview,750194.91,Contacted,False,,,,,Chose competitor,5.0,False
L10638,2025-09-28,Website,A103,Karan Malhotra,Condo,Sunset Hills,264863.53,Contacted,False,,,,,Price too high,22.0,True
L10639,2025-03-29,Zillow,A102,Ananya Iyer,Single Family,Riverside Heights,573221.11,Contacted,False,,,,,Went cold / unresponsive,1.0,False
L10640,2025-05-28,Referral,A110,Ishita Bose,Condo,Harborview,234619.56,Showing Completed,False,,,,,Chose competitor,15.0,False
L10641,2025-01-24,Open House,A109,Aditya Verma,Townhouse,Downtown Core,426526.71,Showing Completed,False,,,,,Still in progress,0.0,False
L10642,2025-07-05,Open House,A112,Pooja Reddy,Townhouse,Downtown Core,591783.44,Offer Made,False,,,,,Still in progress,5.0,False
L10643,2025-02-25,Open House,A104,Sneha Rao,Condo,Maple Grove,213662.01,Closed,True,2025-04-03,37.0,0.028,5982.54,,,False
L10644,2025-12-22,Social Media,A111,Sameer Khan,Single Family,Downtown Core,455171.72,Showing Completed,False,,,,,Chose competitor,1.0,False
L10645,2025-02-06,Referral,A102,Ananya Iyer,Townhouse,Pinecrest,264195.89,Contacted,False,,,,,Price too high,8.0,False
L10646,2025-10-13,Walk-in,A100,Priya Sharma,Condo,Maple Grove,219137.89,Closed,True,2025-12-15,63.0,0.028,6135.86,,,False
L10647,2025-02-02,Referral,A113,Rahul Chawla,Single Family,Harborview,642679.48,Contacted,False,,,,,Went cold / unresponsive,19.0,False
L10648,2025-02-10,Website,A112,Pooja Reddy,Single Family,Pinecrest,410359.04,Showing Scheduled,False,,,,,Price too high,1.0,False
L10649,2025-11-03,Social Media,A106,Divya Kapoor,Single Family,Riverside Heights,359918.36,Showing Scheduled,False,,,,,Went cold / unresponsive,8.0,False
L10650,2025-11-03,Zillow,A109,Aditya Verma,Single Family,Lakeview,374363.04,Contacted,False,,,,,Financing fell through,45.0,True
L10651,2025-09-28,Referral,A104,Sneha Rao,Condo,Riverside Heights,376952.31,Contacted,False,,,,,Still in progress,27.0,True
L10652,2025-11-29,Walk-in,A112,Pooja Reddy,Condo,Oakridge,203253.97,Showing Completed,False,,,,,Chose competitor,1.0,False
L10653,2025-04-09,Zillow,A100,Priya Sharma,Single Family,Maple Grove,373055.29,Contacted,False,,,,,Still in progress,31.0,True
L10654,2025-10-20,Walk-in,A108,Neha Gupta,Single Family,Sunset Hills,411571.3,Showing Scheduled,False,,,,,Went cold / unresponsive,16.0,False
L10655,2025-11-22,Walk-in,A113,Rahul Chawla,Townhouse,Sunset Hills,428238.49,Offer Made,False,,,,,Chose competitor,19.0,False
L10656,2025-05-19,Zillow,A104,Sneha Rao,Multi-Family,Oakridge,441729.54,Contacted,False,,,,,Still in progress,1.0,False
L10657,2025-06-08,Referral,A101,Rohan Mehta,Multi-Family,Downtown Core,661434.41,Closed,True,2025-08-08,61.0,0.028,18520.16,,,False
L10658,2025-02-25,Open House,A113,Rahul Chawla,Condo,Maple Grove,195306.92,Lead (Uncontacted),False,,,,,Never contacted,31.0,True
L10659,2025-03-14,Referral,A107,Vikram Singh,Single Family,Oakridge,283591.14,Lead (Uncontacted),False,,,,,Never contacted,6.0,False
L10660,2025-11-11,Referral,A109,Aditya Verma,Single Family,Harborview,438687.8,Showing Completed,False,,,,,Chose competitor,14.0,False
L10661,2025-06-18,Open House,A104,Sneha Rao,Condo,Maple Grove,367554.61,Lead (Uncontacted),False,,,,,Never contacted,26.0,True
L10662,2025-04-14,Zillow,A107,Vikram Singh,Townhouse,Maple Grove,309732.42,Closed,True,2025-05-30,46.0,0.028,8672.51,,,False
L10663,2025-05-22,Open House,A100,Priya Sharma,Single Family,Riverside Heights,492383.62,Showing Completed,False,,,,,Chose competitor,2.0,False
L10664,2025-04-04,Open House,A102,Ananya Iyer,Single Family,Downtown Core,507104.58,Lead (Uncontacted),False,,,,,Never contacted,0.0,False
L10665,2025-03-14,Open House,A108,Neha Gupta,Condo,Oakridge,241097.43,Showing Completed,False,,,,,Went cold / unresponsive,7.0,False
L10666,2025-09-23,Referral,A100,Priya Sharma,Single Family,Oakridge,427055.19,Showing Completed,False,,,,,Price too high,0.0,False
L10667,2025-09-08,Open House,A112,Pooja Reddy,Single Family,Sunset Hills,363443.94,Lead (Uncontacted),False,,,,,Never contacted,15.0,False
L10668,2025-02-28,Open House,A113,Rahul Chawla,Single Family,Oakridge,326006.53,Contacted,False,,,,,Changed mind,7.0,False
L10669,2025-04-02,Zillow,A113,Rahul Chawla,Condo,Pinecrest,301849.89,Contacted,False,,,,,Chose competitor,10.0,False
L10670,2025-03-16,Zillow,A102,Ananya Iyer,Condo,Sunset Hills,329412.85,Offer Made,False,,,,,Went cold / unresponsive,12.0,False
L10671,2025-02-24,Zillow,A104,Sneha Rao,Condo,Oakridge,255123.43,Contacted,False,,,,,Chose competitor,19.0,False
L10672,2025-12-27,Walk-in,A104,Sneha Rao,Condo,Sunset Hills,286832.4,Contacted,False,,,,,Still in progress,2.0,False
L10673,2025-02-26,Website,A105,Arjun Nair,Single Family,Downtown Core,688860.21,Showing Scheduled,False,,,,,Price too high,11.0,False
L10674,2025-01-09,Open House,A100,Priya Sharma,Single Family,Maple Grove,400379.37,Lead (Uncontacted),False,,,,,Never contacted,0.0,False
L10675,2025-07-10,Social Media,A103,Karan Malhotra,Townhouse,Maple Grove,242206.93,Contacted,False,,,,,Financing fell through,0.0,False
L10676,2025-05-28,Website,A109,Aditya Verma,Single Family,Downtown Core,473900.89,Showing Scheduled,False,,,,,Still in progress,57.0,True
L10677,2025-10-08,Referral,A112,Pooja Reddy,Single Family,Oakridge,418205.21,Showing Scheduled,False,,,,,Price too high,11.0,False
L10678,2025-05-27,Walk-in,A111,Sameer Khan,Single Family,Downtown Core,617284.68,Contacted,False,,,,,Price too high,16.0,False
L10679,2025-07-26,Open House,A113,Rahul Chawla,Multi-Family,Harborview,865443.16,Contacted,False,,,,,Went cold / unresponsive,1.0,False
L10680,2025-11-24,Website,A100,Priya Sharma,Condo,Downtown Core,409013.03,Contacted,False,,,,,Price too high,7.0,False
L10681,2025-12-12,Referral,A108,Neha Gupta,Condo,Riverside Heights,400710.03,Showing Completed,False,,,,,Financing fell through,10.0,False
L10682,2025-03-06,Referral,A109,Aditya Verma,Condo,Pinecrest,325905.27,Showing Completed,False,,,,,Price too high,2.0,False
L10683,2025-11-26,Social Media,A100,Priya Sharma,Single Family,Lakeview,452466.0,Showing Completed,False,,,,,Went cold / unresponsive,34.0,True
L10684,2025-02-25,Website,A102,Ananya Iyer,Single Family,Downtown Core,617414.75,Showing Completed,False,,,,,Price too high,14.0,False
L10685,2025-08-10,Zillow,A111,Sameer Khan,Condo,Maple Grove,199713.82,Offer Made,False,,,,,Still in progress,8.0,False
L10686,2025-11-23,Zillow,A110,Ishita Bose,Single Family,Downtown Core,644934.65,Contacted,False,,,,,Went cold / unresponsive,6.0,False
L10687,2025-04-06,Website,A100,Priya Sharma,Condo,Pinecrest,295204.41,Showing Completed,False,,,,,Price too high,32.0,True
L10688,2025-03-14,Social Media,A104,Sneha Rao,Townhouse,Downtown Core,594756.59,Contacted,False,,,,,Financing fell through,9.0,False
L10689,2025-07-06,Website,A110,Ishita Bose,Single Family,Harborview,457402.16,Offer Made,False,,,,,Chose competitor,13.0,False
L10690,2025-09-30,Referral,A106,Divya Kapoor,Multi-Family,Harborview,432790.85,Lead (Uncontacted),False,,,,,Never contacted,1.0,False
L10691,2025-04-21,Open House,A106,Divya Kapoor,Condo,Downtown Core,335298.35,Showing Completed,False,,,,,Price too high,14.0,False
L10692,2025-01-08,Walk-in,A111,Sameer Khan,Townhouse,Lakeview,398217.63,Contacted,False,,,,,Went cold / unresponsive,20.0,False
L10693,2025-08-11,Referral,A113,Rahul Chawla,Single Family,Oakridge,324957.79,Closed,True,2025-09-26,46.0,0.028,9098.82,,,False
L10694,2025-09-30,Referral,A109,Aditya Verma,Condo,Riverside Heights,239972.6,Lead (Uncontacted),False,,,,,Never contacted,24.0,True
L10695,2025-04-23,Social Media,A103,Karan Malhotra,Single Family,Oakridge,366395.48,Lead (Uncontacted),False,,,,,Never contacted,5.0,False
L10696,2025-07-06,Referral,A106,Divya Kapoor,Single Family,Riverside Heights,631766.37,Showing Completed,False,,,,,Went cold / unresponsive,5.0,False
L10697,2025-08-10,Walk-in,A113,Rahul Chawla,Single Family,Maple Grove,463631.67,Contacted,False,,,,,Price too high,16.0,False
L10698,2025-03-15,Social Media,A113,Rahul Chawla,Single Family,Sunset Hills,460848.36,Showing Scheduled,False,,,,,Changed mind,25.0,True
L10699,2025-11-21,Walk-in,A104,Sneha Rao,Townhouse,Sunset Hills,320409.85,Closed,True,2025-12-01,10.0,0.028,8971.48,,,False
L10700,2025-02-28,Website,A106,Divya Kapoor,Townhouse,Riverside Heights,523937.41,Showing Scheduled,False,,,,,Still in progress,26.0,True
L10701,2025-03-30,Social Media,A108,Neha Gupta,Single Family,Harborview,737643.55,Contacted,False,,,,,Went cold / unresponsive,22.0,True
L10702,2025-03-02,Website,A104,Sneha Rao,Multi-Family,Riverside Heights,675331.06,Showing Scheduled,False,,,,,Still in progress,3.0,False
L10703,2025-12-02,Walk-in,A100,Priya Sharma,Multi-Family,Pinecrest,409445.12,Showing Completed,False,,,,,Went cold / unresponsive,1.0,False
L10704,2025-04-04,Zillow,A112,Pooja Reddy,Single Family,Sunset Hills,562765.83,Contacted,False,,,,,Went cold / unresponsive,2.0,False
L10705,2025-08-25,Referral,A108,Neha Gupta,Condo,Downtown Core,393997.2,Showing Scheduled,False,,,,,Went cold / unresponsive,25.0,True
L10706,2025-01-17,Referral,A114,Tanvi Joshi,Single Family,Lakeview,594925.14,Showing Completed,False,,,,,Went cold / unresponsive,28.0,True
L10707,2025-08-16,Zillow,A100,Priya Sharma,Condo,Harborview,307966.88,Showing Completed,False,,,,,Chose competitor,3.0,False
L10708,2025-07-08,Website,A105,Arjun Nair,Single Family,Harborview,533761.94,Contacted,False,,,,,Went cold / unresponsive,3.0,False
L10709,2025-07-14,Zillow,A104,Sneha Rao,Single Family,Harborview,316204.41,Showing Completed,False,,,,,Went cold / unresponsive,15.0,False
L10710,2025-10-14,Walk-in,A108,Neha Gupta,Condo,Pinecrest,224924.85,Contacted,False,,,,,Went cold / unresponsive,3.0,False
L10711,2025-04-17,Referral,A102,Ananya Iyer,Townhouse,Sunset Hills,237522.47,Showing Completed,False,,,,,Financing fell through,4.0,False
L10712,2025-09-14,Open House,A109,Aditya Verma,Multi-Family,Pinecrest,327357.69,Closed,True,2025-10-15,31.0,0.028,9166.02,,,False
L10713,2025-04-26,Referral,A110,Ishita Bose,Single Family,Oakridge,391153.06,Closed,True,2025-05-24,28.0,0.028,10952.29,,,False
L10714,2025-01-01,Website,A104,Sneha Rao,Condo,Oakridge,293008.97,Closed,True,2025-02-10,40.0,0.028,8204.25,,,False
L10715,2025-10-04,Website,A101,Rohan Mehta,Single Family,Downtown Core,660461.65,Showing Scheduled,False,,,,,Financing fell through,11.0,False
L10716,2025-09-01,Zillow,A101,Rohan Mehta,Single Family,Downtown Core,676607.64,Offer Made,False,,,,,Chose competitor,4.0,False
L10717,2025-11-21,Zillow,A112,Pooja Reddy,Condo,Sunset Hills,225675.21,Contacted,False,,,,,Went cold / unresponsive,5.0,False
L10718,2025-03-18,Zillow,A109,Aditya Verma,Single Family,Pinecrest,447677.96,Offer Made,False,,,,,Financing fell through,11.0,False
L10719,2025-04-06,Zillow,A114,Tanvi Joshi,Condo,Lakeview,258439.83,Showing Scheduled,False,,,,,Chose competitor,11.0,False
L10720,2025-10-21,Zillow,A112,Pooja Reddy,Single Family,Oakridge,390689.4,Contacted,False,,,,,Financing fell through,3.0,False
L10721,2025-08-06,Website,A113,Rahul Chawla,Townhouse,Oakridge,318390.53,Contacted,False,,,,,Chose competitor,2.0,False
L10722,2025-04-16,Walk-in,A100,Priya Sharma,Single Family,Riverside Heights,524288.57,Contacted,False,,,,,Chose competitor,9.0,False
L10723,2025-03-30,Website,A108,Neha Gupta,Condo,Pinecrest,218303.93,Showing Scheduled,False,,,,,Went cold / unresponsive,15.0,False
L10724,2025-09-15,Zillow,A106,Divya Kapoor,Single Family,Riverside Heights,386974.67,Showing Completed,False,,,,,Financing fell through,2.0,False
L10725,2025-09-21,Social Media,A109,Aditya Verma,Single Family,Maple Grove,523566.98,Showing Completed,False,,,,,Chose competitor,8.0,False
L10726,2025-10-16,Walk-in,A100,Priya Sharma,Condo,Pinecrest,207763.07,Showing Completed,False,,,,,Chose competitor,13.0,False
L10727,2025-05-05,Referral,A113,Rahul Chawla,Condo,Riverside Heights,368455.97,Contacted,False,,,,,Went cold / unresponsive,4.0,False
L10728,2025-10-28,Website,A109,Aditya Verma,Townhouse,Lakeview,293109.08,Contacted,False,,,,,Went cold / unresponsive,0.0,False
L10729,2025-01-25,Referral,A112,Pooja Reddy,Townhouse,Maple Grove,295374.9,Showing Completed,False,,,,,Chose competitor,24.0,True
L10730,2025-02-07,Walk-in,A112,Pooja Reddy,Townhouse,Pinecrest,370636.98,Contacted,False,,,,,Chose competitor,21.0,False
L10731,2025-03-05,Walk-in,A106,Divya Kapoor,Single Family,Oakridge,430260.76,Lead (Uncontacted),False,,,,,Never contacted,2.0,False
L10732,2025-08-02,Website,A101,Rohan Mehta,Townhouse,Riverside Heights,360962.6,Contacted,False,,,,,Financing fell through,23.0,True
L10733,2025-11-29,Walk-in,A107,Vikram Singh,Condo,Maple Grove,311250.11,Offer Made,False,,,,,Went cold / unresponsive,2.0,False
L10734,2025-05-03,Open House,A108,Neha Gupta,Single Family,Oakridge,365787.53,Contacted,False,,,,,Went cold / unresponsive,13.0,False
L10735,2025-03-10,Website,A109,Aditya Verma,Condo,Downtown Core,439876.56,Offer Made,False,,,,,Still in progress,5.0,False
L10736,2025-07-29,Walk-in,A102,Ananya Iyer,Single Family,Harborview,616482.93,Contacted,False,,,,,Went cold / unresponsive,33.0,True
L10737,2025-07-14,Referral,A100,Priya Sharma,Multi-Family,Pinecrest,636860.67,Contacted,False,,,,,Went cold / unresponsive,3.0,False
L10738,2025-05-27,Open House,A112,Pooja Reddy,Single Family,Riverside Heights,723484.33,Contacted,False,,,,,Price too high,6.0,False
L10739,2025-12-05,Walk-in,A113,Rahul Chawla,Single Family,Oakridge,271112.11,Contacted,False,,,,,Went cold / unresponsive,18.0,False
L10740,2025-11-26,Referral,A105,Arjun Nair,Single Family,Sunset Hills,521051.3,Contacted,False,,,,,Chose competitor,25.0,True
L10741,2025-02-07,Zillow,A114,Tanvi Joshi,Condo,Downtown Core,460530.37,Showing Scheduled,False,,,,,Went cold / unresponsive,7.0,False
L10742,2025-04-05,Referral,A100,Priya Sharma,Townhouse,Harborview,451290.47,Contacted,False,,,,,Chose competitor,10.0,False
L10743,2025-07-08,Referral,A109,Aditya Verma,Single Family,Maple Grove,331383.3,Contacted,False,,,,,Price too high,11.0,False
L10744,2025-06-23,Referral,A106,Divya Kapoor,Single Family,Oakridge,222724.22,Contacted,False,,,,,Still in progress,2.0,False
L10745,2025-09-26,Website,A101,Rohan Mehta,Single Family,Lakeview,584465.08,Offer Made,False,,,,,Chose competitor,0.0,False
L10746,2025-05-18,Zillow,A111,Sameer Khan,Townhouse,Oakridge,296405.53,Showing Scheduled,False,,,,,Price too high,28.0,True
L10747,2025-02-02,Zillow,A104,Sneha Rao,Multi-Family,Oakridge,393267.07,Contacted,False,,,,,Went cold / unresponsive,0.0,False
L10748,2025-05-24,Social Media,A102,Ananya Iyer,Single Family,Sunset Hills,540887.02,Offer Made,False,,,,,Changed mind,2.0,False
L10749,2025-12-23,Zillow,A112,Pooja Reddy,Single Family,Pinecrest,277136.54,Contacted,False,,,,,Went cold / unresponsive,0.0,False
L10750,2025-12-28,Website,A113,Rahul Chawla,Condo,Pinecrest,234947.56,Contacted,False,,,,,Still in progress,2.0,False
L10751,2025-06-15,Zillow,A105,Arjun Nair,Single Family,Lakeview,350305.7,Contacted,False,,,,,Chose competitor,23.0,True
L10752,2025-09-07,Walk-in,A106,Divya Kapoor,Single Family,Downtown Core,565634.29,Showing Completed,False,,,,,Chose competitor,20.0,False
L10753,2025-10-23,Referral,A113,Rahul Chawla,Single Family,Maple Grove,469483.0,Closed,True,2025-12-17,55.0,0.028,13145.52,,,False
L10754,2025-05-07,Social Media,A106,Divya Kapoor,Single Family,Maple Grove,359336.6,Showing Completed,False,,,,,Chose competitor,9.0,False
L10755,2025-01-04,Social Media,A100,Priya Sharma,Single Family,Sunset Hills,337055.94,Offer Made,False,,,,,Went cold / unresponsive,6.0,False
L10756,2025-09-04,Website,A105,Arjun Nair,Multi-Family,Oakridge,382958.16,Contacted,False,,,,,Financing fell through,22.0,True
L10757,2025-04-07,Social Media,A105,Arjun Nair,Single Family,Downtown Core,574993.57,Showing Scheduled,False,,,,,Price too high,48.0,True
L10758,2025-05-19,Referral,A111,Sameer Khan,Single Family,Pinecrest,417454.14,Offer Made,False,,,,,Price too high,1.0,False
L10759,2025-02-20,Zillow,A109,Aditya Verma,Townhouse,Harborview,525353.74,Contacted,False,,,,,Price too high,9.0,False
L10760,2025-06-10,Referral,A101,Rohan Mehta,Townhouse,Pinecrest,212680.39,Closed,True,2025-08-09,60.0,0.028,5955.05,,,False
L10761,2025-09-15,Zillow,A109,Aditya Verma,Multi-Family,Riverside Heights,779038.69,Lead (Uncontacted),False,,,,,Never contacted,0.0,False
L10762,2025-07-27,Website,A100,Priya Sharma,Townhouse,Pinecrest,367232.36,Contacted,False,,,,,Price too high,0.0,False
L10763,2025-10-20,Social Media,A104,Sneha Rao,Single Family,Lakeview,515561.45,Lead (Uncontacted),False,,,,,Never contacted,10.0,False
L10764,2025-02-18,Referral,A113,Rahul Chawla,Condo,Oakridge,244592.7,Lead (Uncontacted),False,,,,,Never contacted,14.0,False
L10765,2025-02-01,Website,A110,Ishita Bose,Single Family,Oakridge,335786.82,Contacted,False,,,,,Went cold / unresponsive,6.0,False
L10766,2025-05-29,Walk-in,A112,Pooja Reddy,Condo,Sunset Hills,359989.55,Closed,True,2025-07-26,58.0,0.028,10079.71,,,False
L10767,2025-09-30,Referral,A110,Ishita Bose,Condo,Oakridge,233872.51,Lead (Uncontacted),False,,,,,Never contacted,8.0,False
L10768,2025-03-19,Zillow,A110,Ishita Bose,Single Family,Harborview,505791.06,Contacted,False,,,,,Chose competitor,11.0,False
L10769,2025-01-21,Walk-in,A106,Divya Kapoor,Condo,Maple Grove,273685.45,Showing Completed,False,,,,,Financing fell through,13.0,False
L10770,2025-08-31,Open House,A100,Priya Sharma,Townhouse,Pinecrest,276390.26,Closed,True,2025-10-31,61.0,0.028,7738.93,,,False
L10771,2025-01-26,Social Media,A104,Sneha Rao,Multi-Family,Riverside Heights,786237.9,Showing Completed,False,,,,,Price too high,20.0,False
L10772,2025-11-15,Referral,A101,Rohan Mehta,Single Family,Harborview,539449.1,Contacted,False,,,,,Chose competitor,4.0,False
L10773,2025-06-24,Open House,A106,Divya Kapoor,Condo,Pinecrest,243874.64,Contacted,False,,,,,Price too high,6.0,False
L10774,2025-03-16,Zillow,A106,Divya Kapoor,Condo,Maple Grove,217355.42,Contacted,False,,,,,Went cold / unresponsive,17.0,False
L10775,2025-04-24,Open House,A109,Aditya Verma,Condo,Pinecrest,308066.14,Contacted,False,,,,,Went cold / unresponsive,30.0,True
L10776,2025-03-18,Website,A100,Priya Sharma,Townhouse,Sunset Hills,302260.83,Contacted,False,,,,,Changed mind,7.0,False
L10777,2025-09-07,Social Media,A101,Rohan Mehta,Single Family,Sunset Hills,396650.0,Showing Scheduled,False,,,,,Still in progress,32.0,True
L10778,2025-01-14,Zillow,A102,Ananya Iyer,Condo,Maple Grove,243355.6,Contacted,False,,,,,Price too high,6.0,False
L10779,2025-10-01,Zillow,A110,Ishita Bose,Single Family,Downtown Core,621806.92,Lead (Uncontacted),False,,,,,Never contacted,11.0,False
L10780,2025-05-03,Social Media,A100,Priya Sharma,Single Family,Sunset Hills,322809.32,Lead (Uncontacted),False,,,,,Never contacted,20.0,False
L10781,2025-12-08,Open House,A111,Sameer Khan,Condo,Oakridge,300680.23,Showing Scheduled,False,,,,,Went cold / unresponsive,3.0,False
L10782,2025-11-14,Referral,A110,Ishita Bose,Condo,Sunset Hills,273731.55,Lead (Uncontacted),False,,,,,Never contacted,0.0,False
L10783,2025-05-12,Open House,A113,Rahul Chawla,Single Family,Riverside Heights,597339.59,Contacted,False,,,,,Went cold / unresponsive,1.0,False
L10784,2025-02-28,Website,A105,Arjun Nair,Single Family,Harborview,433108.06,Lead (Uncontacted),False,,,,,Never contacted,1.0,False
L10785,2025-10-09,Zillow,A106,Divya Kapoor,Single Family,Pinecrest,482305.59,Closed,True,2025-12-11,63.0,0.028,13504.56,,,False
L10786,2025-09-25,Website,A100,Priya Sharma,Single Family,Pinecrest,332358.03,Showing Scheduled,False,,,,,Went cold / unresponsive,4.0,False
L10787,2025-08-06,Social Media,A105,Arjun Nair,Single Family,Sunset Hills,332219.9,Offer Made,False,,,,,Price too high,2.0,False
L10788,2025-01-01,Zillow,A113,Rahul Chawla,Single Family,Oakridge,334161.26,Offer Made,False,,,,,Price too high,8.0,False
L10789,2025-08-27,Zillow,A107,Vikram Singh,Condo,Maple Grove,337211.02,Contacted,False,,,,,Still in progress,2.0,False
L10790,2025-12-01,Referral,A113,Rahul Chawla,Single Family,Downtown Core,649890.59,Offer Made,False,,,,,Went cold / unresponsive,1.0,False
L10791,2025-03-27,Zillow,A110,Ishita Bose,Townhouse,Lakeview,378312.56,Contacted,False,,,,,Went cold / unresponsive,0.0,False
L10792,2025-10-18,Zillow,A104,Sneha Rao,Condo,Oakridge,226047.41,Contacted,False,,,,,Changed mind,0.0,False
L10793,2025-09-30,Website,A106,Divya Kapoor,Townhouse,Harborview,450108.13,Lead (Uncontacted),False,,,,,Never contacted,9.0,False
L10794,2025-12-23,Walk-in,A101,Rohan Mehta,Single Family,Maple Grove,463235.39,Contacted,False,,,,,Chose competitor,1.0,False
L10795,2025-11-26,Referral,A108,Neha Gupta,Condo,Harborview,254798.53,Closed,True,2026-01-23,58.0,0.028,7134.36,,,False
L10796,2025-09-12,Walk-in,A106,Divya Kapoor,Single Family,Oakridge,245163.96,Closed,True,2025-11-01,50.0,0.028,6864.59,,,False
L10797,2025-12-25,Social Media,A110,Ishita Bose,Single Family,Oakridge,379274.94,Offer Made,False,,,,,Went cold / unresponsive,49.0,True
L10798,2025-12-09,Walk-in,A111,Sameer Khan,Condo,Downtown Core,292441.5,Closed,True,2026-02-15,68.0,0.028,8188.36,,,False
L10799,2025-03-03,Referral,A104,Sneha Rao,Condo,Oakridge,233367.33,Closed,True,2025-05-03,61.0,0.028,6534.29,,,False
L10800,2025-06-22,Open House,A102,Ananya Iyer,Single Family,Oakridge,394423.54,Showing Scheduled,False,,,,,Went cold / unresponsive,16.0,False
L10801,2025-09-29,Referral,A106,Divya Kapoor,Condo,Sunset Hills,306019.75,Contacted,False,,,,,Went cold / unresponsive,2.0,False
L10802,2025-03-21,Open House,A104,Sneha Rao,Condo,Sunset Hills,259348.67,Closed,True,2025-05-20,60.0,0.028,7261.76,,,False
L10803,2025-04-09,Website,A101,Rohan Mehta,Single Family,Lakeview,537008.9,Showing Completed,False,,,,,Price too high,4.0,False
L10804,2025-08-10,Zillow,A108,Neha Gupta,Single Family,Riverside Heights,674760.41,Contacted,False,,,,,Went cold / unresponsive,3.0,False
L10805,2025-12-24,Zillow,A114,Tanvi Joshi,Townhouse,Harborview,496239.51,Showing Scheduled,False,,,,,Chose competitor,3.0,False
L10806,2025-05-14,Walk-in,A112,Pooja Reddy,Single Family,Oakridge,418850.44,Closed,True,2025-06-11,28.0,0.028,11727.81,,,False
L10807,2025-05-11,Referral,A110,Ishita Bose,Condo,Harborview,354679.88,Showing Completed,False,,,,,Financing fell through,15.0,False
L10808,2025-01-11,Open House,A110,Ishita Bose,Single Family,Harborview,518873.63,Closed,True,2025-02-19,39.0,0.028,14528.46,,,False
L10809,2025-04-15,Zillow,A110,Ishita Bose,Condo,Pinecrest,213285.45,Offer Made,False,,,,,Chose competitor,2.0,False
L10810,2025-02-24,Open House,A113,Rahul Chawla,Condo,Downtown Core,357077.55,Lead (Uncontacted),False,,,,,Never contacted,24.0,True
L10811,2025-08-11,Website,A102,Ananya Iyer,Townhouse,Harborview,460398.87,Showing Completed,False,,,,,Price too high,3.0,False
L10812,2025-01-18,Website,A114,Tanvi Joshi,Single Family,Lakeview,454925.31,Showing Scheduled,False,,,,,Went cold / unresponsive,11.0,False
L10813,2025-11-23,Zillow,A111,Sameer Khan,Single Family,Oakridge,417150.97,Showing Scheduled,False,,,,,Price too high,16.0,False
L10814,2025-09-01,Social Media,A113,Rahul Chawla,Townhouse,Riverside Heights,484435.66,Offer Made,False,,,,,Went cold / unresponsive,9.0,False
L10815,2025-12-07,Social Media,A109,Aditya Verma,Condo,Sunset Hills,268014.53,Showing Scheduled,False,,,,,Price too high,1.0,False
L10816,2025-11-21,Zillow,A106,Divya Kapoor,Single Family,Pinecrest,409735.98,Showing Completed,False,,,,,Price too high,6.0,False
L10817,2025-09-02,Website,A107,Vikram Singh,Single Family,Oakridge,403928.04,Closed,True,2025-10-20,48.0,0.028,11309.99,,,False
L10818,2025-10-13,Open House,A114,Tanvi Joshi,Townhouse,Riverside Heights,558460.67,Contacted,False,,,,,Chose competitor,16.0,False
L10819,2025-05-23,Walk-in,A112,Pooja Reddy,Single Family,Harborview,630504.44,Lead (Uncontacted),False,,,,,Never contacted,4.0,False
L10820,2025-01-27,Referral,A102,Ananya Iyer,Multi-Family,Harborview,747301.93,Contacted,False,,,,,Financing fell through,33.0,True
L10821,2025-09-17,Website,A111,Sameer Khan,Single Family,Oakridge,313271.45,Showing Completed,False,,,,,Chose competitor,3.0,False
L10822,2025-07-31,Open House,A112,Pooja Reddy,Single Family,Downtown Core,739198.36,Closed,True,2025-08-25,25.0,0.028,20697.55,,,False
L10823,2025-07-30,Walk-in,A101,Rohan Mehta,Townhouse,Riverside Heights,582912.84,Contacted,False,,,,,Went cold / unresponsive,10.0,False
L10824,2025-03-06,Referral,A113,Rahul Chawla,Single Family,Riverside Heights,539939.97,Showing Completed,False,,,,,Price too high,6.0,False
L10825,2025-03-28,Zillow,A110,Ishita Bose,Single Family,Riverside Heights,488192.3,Lead (Uncontacted),False,,,,,Never contacted,49.0,True
L10826,2025-01-27,Referral,A103,Karan Malhotra,Multi-Family,Lakeview,501639.23,Contacted,False,,,,,Price too high,18.0,False
L10827,2025-11-12,Website,A114,Tanvi Joshi,Condo,Lakeview,223501.3,Offer Made,False,,,,,Went cold / unresponsive,38.0,True
L10828,2025-05-23,Walk-in,A108,Neha Gupta,Multi-Family,Downtown Core,916392.8,Offer Made,False,,,,,Went cold / unresponsive,6.0,False
L10829,2025-07-05,Open House,A113,Rahul Chawla,Condo,Maple Grove,236316.52,Contacted,False,,,,,Chose competitor,5.0,False
L10830,2025-07-13,Zillow,A102,Ananya Iyer,Single Family,Oakridge,319367.94,Showing Completed,False,,,,,Went cold / unresponsive,8.0,False
L10831,2025-03-08,Website,A102,Ananya Iyer,Single Family,Sunset Hills,643841.75,Showing Completed,False,,,,,Went cold / unresponsive,1.0,False
L10832,2025-11-02,Referral,A111,Sameer Khan,Single Family,Pinecrest,432595.77,Closed,True,2026-01-14,73.0,0.028,12112.68,,,False
L10833,2025-03-31,Open House,A100,Priya Sharma,Condo,Riverside Heights,296394.3,Lead (Uncontacted),False,,,,,Never contacted,8.0,False
L10834,2025-08-02,Zillow,A108,Neha Gupta,Multi-Family,Maple Grove,652143.98,Contacted,False,,,,,Still in progress,11.0,False
L10835,2025-09-07,Open House,A109,Aditya Verma,Condo,Maple Grove,292931.54,Contacted,False,,,,,Still in progress,0.0,False
L10836,2025-10-14,Referral,A103,Karan Malhotra,Multi-Family,Lakeview,737391.26,Contacted,False,,,,,Still in progress,9.0,False
L10837,2025-01-13,Website,A103,Karan Malhotra,Condo,Downtown Core,347098.12,Contacted,False,,,,,Went cold / unresponsive,37.0,True
L10838,2025-10-18,Open House,A106,Divya Kapoor,Single Family,Downtown Core,628763.92,Closed,True,2025-11-19,32.0,0.028,17605.39,,,False
L10839,2025-11-30,Referral,A101,Rohan Mehta,Single Family,Pinecrest,446795.6,Closed,True,2026-01-26,57.0,0.028,12510.28,,,False
L10840,2025-08-23,Zillow,A110,Ishita Bose,Single Family,Sunset Hills,491578.65,Contacted,False,,,,,Price too high,5.0,False
L10841,2025-12-08,Referral,A103,Karan Malhotra,Single Family,Sunset Hills,424158.22,Contacted,False,,,,,Price too high,36.0,True
L10842,2025-02-22,Open House,A110,Ishita Bose,Single Family,Maple Grove,357849.01,Closed,True,2025-04-22,59.0,0.028,10019.77,,,False
L10843,2025-09-13,Referral,A109,Aditya Verma,Townhouse,Riverside Heights,603187.86,Closed,True,2025-10-30,47.0,0.028,16889.26,,,False
L10844,2025-03-29,Zillow,A110,Ishita Bose,Single Family,Lakeview,476111.91,Offer Made,False,,,,,Went cold / unresponsive,0.0,False
L10845,2025-01-07,Referral,A109,Aditya Verma,Single Family,Lakeview,366472.55,Showing Completed,False,,,,,Price too high,0.0,False
L10846,2025-11-05,Social Media,A104,Sneha Rao,Condo,Oakridge,290207.51,Offer Made,False,,,,,Price too high,6.0,False
L10847,2025-05-21,Website,A113,Rahul Chawla,Single Family,Lakeview,472150.42,Showing Scheduled,False,,,,,Price too high,13.0,False
L10848,2025-01-13,Social Media,A109,Aditya Verma,Single Family,Oakridge,359687.85,Contacted,False,,,,,Financing fell through,1.0,False
L10849,2025-04-04,Open House,A100,Priya Sharma,Condo,Riverside Heights,304805.65,Contacted,False,,,,,Still in progress,9.0,False
L10850,2025-11-29,Referral,A110,Ishita Bose,Single Family,Downtown Core,813851.8,Showing Scheduled,False,,,,,Went cold / unresponsive,1.0,False
L10851,2025-04-23,Walk-in,A113,Rahul Chawla,Single Family,Sunset Hills,384684.77,Lead (Uncontacted),False,,,,,Never contacted,27.0,True
L10852,2025-09-17,Social Media,A108,Neha Gupta,Single Family,Harborview,638961.89,Showing Scheduled,False,,,,,Changed mind,6.0,False
L10853,2025-06-10,Referral,A102,Ananya Iyer,Single Family,Sunset Hills,501165.82,Contacted,False,,,,,Chose competitor,24.0,True
L10854,2025-05-20,Walk-in,A110,Ishita Bose,Condo,Downtown Core,434131.07,Contacted,False,,,,,Went cold / unresponsive,15.0,False
L10855,2025-12-03,Social Media,A103,Karan Malhotra,Single Family,Pinecrest,429979.06,Contacted,False,,,,,Financing fell through,8.0,False
L10856,2025-09-07,Zillow,A100,Priya Sharma,Condo,Harborview,482233.8,Showing Completed,False,,,,,Chose competitor,2.0,False
L10857,2025-06-29,Referral,A109,Aditya Verma,Condo,Sunset Hills,280934.12,Contacted,False,,,,,Chose competitor,3.0,False
L10858,2025-06-28,Zillow,A105,Arjun Nair,Townhouse,Sunset Hills,302966.48,Contacted,False,,,,,Chose competitor,8.0,False
L10859,2025-06-15,Open House,A112,Pooja Reddy,Single Family,Pinecrest,432603.87,Showing Completed,False,,,,,Went cold / unresponsive,19.0,False
L10860,2025-06-15,Open House,A107,Vikram Singh,Condo,Maple Grove,272962.85,Contacted,False,,,,,Went cold / unresponsive,9.0,False
L10861,2025-04-10,Zillow,A104,Sneha Rao,Single Family,Lakeview,578198.97,Contacted,False,,,,,Chose competitor,3.0,False
L10862,2025-11-02,Walk-in,A110,Ishita Bose,Condo,Pinecrest,277343.71,Showing Completed,False,,,,,Went cold / unresponsive,9.0,False
L10863,2025-06-29,Referral,A113,Rahul Chawla,Townhouse,Harborview,429550.66,Lead (Uncontacted),False,,,,,Never contacted,24.0,True
L10864,2025-01-20,Zillow,A110,Ishita Bose,Single Family,Maple Grove,496038.3,Showing Completed,False,,,,,Financing fell through,10.0,False
L10865,2025-12-19,Social Media,A101,Rohan Mehta,Townhouse,Sunset Hills,492306.89,Showing Completed,False,,,,,Price too high,7.0,False
L10866,2025-01-26,Referral,A112,Pooja Reddy,Condo,Harborview,241483.98,Showing Completed,False,,,,,Chose competitor,8.0,False
L10867,2025-09-21,Website,A109,Aditya Verma,Multi-Family,Sunset Hills,467545.97,Showing Completed,False,,,,,Financing fell through,7.0,False
L10868,2025-06-17,Zillow,A114,Tanvi Joshi,Multi-Family,Harborview,654328.57,Contacted,False,,,,,Still in progress,2.0,False
L10869,2025-07-11,Open House,A102,Ananya Iyer,Multi-Family,Oakridge,480943.5,Contacted,False,,,,,Price too high,17.0,False
L10870,2025-06-14,Open House,A113,Rahul Chawla,Single Family,Pinecrest,399073.81,Contacted,False,,,,,Still in progress,12.0,False
L10871,2025-12-09,Zillow,A100,Priya Sharma,Multi-Family,Oakridge,516762.43,Contacted,False,,,,,Went cold / unresponsive,5.0,False
L10872,2025-05-08,Website,A109,Aditya Verma,Townhouse,Lakeview,410895.87,Showing Completed,False,,,,,Price too high,5.0,False
L10873,2025-04-30,Social Media,A111,Sameer Khan,Condo,Maple Grove,201865.25,Offer Made,False,,,,,Still in progress,16.0,False
L10874,2025-04-22,Zillow,A107,Vikram Singh,Single Family,Maple Grove,579088.31,Showing Completed,False,,,,,Still in progress,19.0,False
L10875,2025-06-09,Social Media,A106,Divya Kapoor,Condo,Oakridge,312528.64,Contacted,False,,,,,Financing fell through,9.0,False
L10876,2025-05-18,Website,A113,Rahul Chawla,Single Family,Oakridge,428202.54,Offer Made,False,,,,,Went cold / unresponsive,5.0,False
L10877,2025-04-12,Referral,A114,Tanvi Joshi,Condo,Harborview,440795.09,Showing Completed,False,,,,,Went cold / unresponsive,7.0,False
L10878,2025-02-16,Zillow,A101,Rohan Mehta,Condo,Oakridge,283918.66,Contacted,False,,,,,Financing fell through,23.0,True
L10879,2025-12-21,Website,A110,Ishita Bose,Single Family,Lakeview,353741.26,Contacted,False,,,,,Price too high,3.0,False
L10880,2025-01-20,Open House,A104,Sneha Rao,Townhouse,Lakeview,413911.75,Closed,True,2025-03-25,64.0,0.028,11589.53,,,False
L10881,2025-04-30,Zillow,A106,Divya Kapoor,Single Family,Riverside Heights,480784.03,Showing Scheduled,False,,,,,Still in progress,23.0,True
L10882,2025-05-14,Referral,A113,Rahul Chawla,Townhouse,Sunset Hills,461521.03,Contacted,False,,,,,Changed mind,11.0,False
L10883,2025-04-20,Website,A113,Rahul Chawla,Single Family,Sunset Hills,422632.89,Contacted,False,,,,,Went cold / unresponsive,8.0,False
L10884,2025-10-15,Social Media,A113,Rahul Chawla,Single Family,Downtown Core,726306.77,Offer Made,False,,,,,Went cold / unresponsive,7.0,False
L10885,2025-03-11,Zillow,A104,Sneha Rao,Townhouse,Downtown Core,478691.98,Offer Made,False,,,,,Chose competitor,0.0,False
L10886,2025-06-04,Walk-in,A102,Ananya Iyer,Condo,Harborview,410358.17,Showing Completed,False,,,,,Went cold / unresponsive,6.0,False
L10887,2025-11-12,Social Media,A107,Vikram Singh,Condo,Oakridge,292057.93,Showing Completed,False,,,,,Chose competitor,2.0,False
L10888,2025-08-09,Referral,A110,Ishita Bose,Single Family,Pinecrest,386875.98,Contacted,False,,,,,Went cold / unresponsive,16.0,False
L10889,2025-03-13,Referral,A104,Sneha Rao,Single Family,Harborview,441318.67,Contacted,False,,,,,Chose competitor,12.0,False
L10890,2025-11-22,Zillow,A104,Sneha Rao,Condo,Pinecrest,220666.4,Showing Scheduled,False,,,,,Still in progress,27.0,True
L10891,2025-08-25,Walk-in,A109,Aditya Verma,Condo,Harborview,273868.45,Lead (Uncontacted),False,,,,,Never contacted,6.0,False
L10892,2025-11-22,Website,A106,Divya Kapoor,Condo,Oakridge,217709.03,Contacted,False,,,,,Price too high,3.0,False
L10893,2025-11-18,Zillow,A112,Pooja Reddy,Condo,Oakridge,261407.74,Closed,True,2025-12-23,35.0,0.028,7319.42,,,False
L10894,2025-01-08,Website,A105,Arjun Nair,Condo,Oakridge,302051.13,Contacted,False,,,,,Chose competitor,21.0,False
L10895,2025-03-11,Website,A106,Divya Kapoor,Single Family,Riverside Heights,521547.88,Showing Scheduled,False,,,,,Chose competitor,4.0,False
L10896,2025-04-27,Social Media,A107,Vikram Singh,Single Family,Oakridge,393129.48,Contacted,False,,,,,Chose competitor,11.0,False
L10897,2025-06-20,Social Media,A106,Divya Kapoor,Single Family,Harborview,425747.82,Contacted,False,,,,,Chose competitor,5.0,False
L10898,2025-12-30,Zillow,A108,Neha Gupta,Single Family,Pinecrest,414174.53,Contacted,False,,,,,Price too high,1.0,False
L10899,2025-03-07,Zillow,A110,Ishita Bose,Single Family,Lakeview,499970.84,Contacted,False,,,,,Went cold / unresponsive,15.0,False
L10900,2025-04-20,Referral,A100,Priya Sharma,Townhouse,Harborview,668373.2,Lead (Uncontacted),False,,,,,Never contacted,0.0,False
L10901,2025-11-17,Referral,A102,Ananya Iyer,Multi-Family,Pinecrest,475940.41,Showing Scheduled,False,,,,,Still in progress,10.0,False
L10902,2025-08-02,Zillow,A100,Priya Sharma,Condo,Pinecrest,287472.76,Contacted,False,,,,,Went cold / unresponsive,1.0,False
L10903,2025-07-10,Zillow,A105,Arjun Nair,Single Family,Downtown Core,509068.51,Offer Made,False,,,,,Price too high,7.0,False
L10904,2025-09-26,Referral,A109,Aditya Verma,Townhouse,Maple Grove,359727.25,Showing Completed,False,,,,,Still in progress,7.0,False
L10905,2025-11-12,Website,A105,Arjun Nair,Multi-Family,Oakridge,449430.74,Contacted,False,,,,,Financing fell through,17.0,False
L10906,2025-09-09,Walk-in,A102,Ananya Iyer,Townhouse,Downtown Core,646869.37,Contacted,False,,,,,Price too high,1.0,False
L10907,2025-02-13,Open House,A105,Arjun Nair,Condo,Pinecrest,282461.85,Lead (Uncontacted),False,,,,,Never contacted,12.0,False
L10908,2025-04-30,Zillow,A104,Sneha Rao,Single Family,Harborview,497808.23,Showing Completed,False,,,,,Went cold / unresponsive,4.0,False
L10909,2025-12-12,Website,A100,Priya Sharma,Townhouse,Lakeview,258539.46,Contacted,False,,,,,Still in progress,23.0,True
L10910,2025-07-27,Zillow,A105,Arjun Nair,Condo,Harborview,419914.34,Showing Completed,False,,,,,Went cold / unresponsive,1.0,False
L10911,2025-08-26,Referral,A110,Ishita Bose,Single Family,Pinecrest,264061.83,Closed,True,2025-09-24,29.0,0.028,7393.73,,,False
L10912,2025-04-17,Website,A106,Divya Kapoor,Condo,Maple Grove,242047.5,Lead (Uncontacted),False,,,,,Never contacted,2.0,False
L10913,2025-01-07,Zillow,A110,Ishita Bose,Condo,Lakeview,342908.91,Offer Made,False,,,,,Price too high,3.0,False
L10914,2025-10-31,Walk-in,A103,Karan Malhotra,Single Family,Oakridge,361086.7,Showing Completed,False,,,,,Changed mind,17.0,False
L10915,2025-02-04,Open House,A105,Arjun Nair,Condo,Lakeview,297687.73,Showing Completed,False,,,,,Went cold / unresponsive,0.0,False
L10916,2025-06-21,Referral,A102,Ananya Iyer,Single Family,Lakeview,510983.25,Closed,True,2025-07-20,29.0,0.028,14307.53,,,False
L10917,2025-04-04,Open House,A113,Rahul Chawla,Single Family,Riverside Heights,644487.3,Contacted,False,,,,,Still in progress,18.0,False
L10918,2025-12-22,Website,A103,Karan Malhotra,Condo,Downtown Core,490344.28,Contacted,False,,,,,Financing fell through,1.0,False
L10919,2025-12-28,Referral,A100,Priya Sharma,Single Family,Sunset Hills,304663.28,Contacted,False,,,,,Price too high,2.0,False
L10920,2025-03-01,Open House,A108,Neha Gupta,Single Family,Oakridge,340342.27,Showing Completed,False,,,,,Went cold / unresponsive,1.0,False
L10921,2025-10-13,Website,A105,Arjun Nair,Single Family,Sunset Hills,333876.09,Showing Completed,False,,,,,Price too high,14.0,False
L10922,2025-01-08,Referral,A100,Priya Sharma,Condo,Oakridge,211560.05,Showing Scheduled,False,,,,,Price too high,40.0,True
L10923,2025-10-07,Social Media,A110,Ishita Bose,Multi-Family,Riverside Heights,642664.13,Offer Made,False,,,,,Chose competitor,4.0,False
L10924,2025-02-14,Website,A112,Pooja Reddy,Single Family,Oakridge,284586.59,Showing Scheduled,False,,,,,Price too high,5.0,False
L10925,2025-06-21,Referral,A106,Divya Kapoor,Condo,Maple Grove,315546.7,Showing Completed,False,,,,,Changed mind,3.0,False
L10926,2025-08-06,Zillow,A107,Vikram Singh,Multi-Family,Harborview,742254.97,Contacted,False,,,,,Still in progress,26.0,True
L10927,2025-08-21,Open House,A105,Arjun Nair,Townhouse,Downtown Core,356447.12,Showing Completed,False,,,,,Went cold / unresponsive,4.0,False
L10928,2025-05-10,Website,A107,Vikram Singh,Condo,Downtown Core,381461.07,Lead (Uncontacted),False,,,,,Never contacted,0.0,False
L10929,2025-05-12,Zillow,A104,Sneha Rao,Condo,Riverside Heights,279364.32,Contacted,False,,,,,Went cold / unresponsive,5.0,False
L10930,2025-07-14,Open House,A104,Sneha Rao,Single Family,Maple Grove,358982.3,Contacted,False,,,,,Financing fell through,8.0,False
L10931,2025-04-26,Open House,A110,Ishita Bose,Condo,Harborview,342950.8,Contacted,False,,,,,Chose competitor,1.0,False
L10932,2025-08-18,Referral,A106,Divya Kapoor,Single Family,Oakridge,333090.28,Closed,True,2025-09-24,37.0,0.028,9326.53,,,False
L10933,2025-09-18,Referral,A109,Aditya Verma,Townhouse,Oakridge,382518.11,Showing Completed,False,,,,,Went cold / unresponsive,1.0,False
L10934,2025-08-17,Zillow,A104,Sneha Rao,Townhouse,Harborview,416832.34,Closed,True,2025-09-14,28.0,0.028,11671.31,,,False
L10935,2025-12-27,Website,A111,Sameer Khan,Single Family,Oakridge,414023.19,Lead (Uncontacted),False,,,,,Never contacted,4.0,False
L10936,2025-02-28,Referral,A107,Vikram Singh,Townhouse,Lakeview,410536.66,Contacted,False,,,,,Still in progress,21.0,False
L10937,2025-12-21,Open House,A109,Aditya Verma,Townhouse,Lakeview,385647.41,Contacted,False,,,,,Chose competitor,2.0,False
L10938,2025-11-10,Website,A107,Vikram Singh,Condo,Sunset Hills,202067.59,Showing Completed,False,,,,,Went cold / unresponsive,0.0,False
L10939,2025-11-18,Referral,A101,Rohan Mehta,Townhouse,Harborview,547352.18,Showing Completed,False,,,,,Still in progress,3.0,False
L10940,2025-07-15,Referral,A103,Karan Malhotra,Townhouse,Harborview,472687.15,Showing Completed,False,,,,,Price too high,3.0,False
L10941,2025-04-16,Website,A100,Priya Sharma,Single Family,Harborview,466404.0,Contacted,False,,,,,Price too high,6.0,False
L10942,2025-06-06,Open House,A109,Aditya Verma,Townhouse,Oakridge,235629.31,Showing Completed,False,,,,,Went cold / unresponsive,5.0,False
L10943,2025-04-10,Social Media,A102,Ananya Iyer,Multi-Family,Oakridge,528032.52,Contacted,False,,,,,Chose competitor,13.0,False
L10944,2025-11-12,Walk-in,A112,Pooja Reddy,Multi-Family,Lakeview,675241.01,Contacted,False,,,,,Chose competitor,8.0,False
L10945,2025-05-20,Zillow,A109,Aditya Verma,Multi-Family,Oakridge,557957.95,Contacted,False,,,,,Financing fell through,0.0,False
L10946,2025-09-19,Zillow,A104,Sneha Rao,Single Family,Oakridge,415075.46,Contacted,False,,,,,Price too high,5.0,False
L10947,2025-01-18,Referral,A113,Rahul Chawla,Single Family,Lakeview,293575.33,Contacted,False,,,,,Price too high,3.0,False
L10948,2025-02-03,Zillow,A106,Divya Kapoor,Townhouse,Harborview,274645.53,Contacted,False,,,,,Chose competitor,12.0,False
L10949,2025-03-28,Zillow,A104,Sneha Rao,Single Family,Harborview,692911.19,Showing Scheduled,False,,,,,Still in progress,13.0,False
L10950,2025-11-03,Walk-in,A114,Tanvi Joshi,Condo,Maple Grove,263183.08,Contacted,False,,,,,Chose competitor,33.0,True
L10951,2025-02-25,Social Media,A109,Aditya Verma,Condo,Harborview,349524.55,Closed,True,2025-04-22,56.0,0.028,9786.69,,,False
L10952,2025-09-10,Open House,A108,Neha Gupta,Single Family,Riverside Heights,502043.73,Showing Completed,False,,,,,Went cold / unresponsive,14.0,False
L10953,2025-02-14,Open House,A108,Neha Gupta,Multi-Family,Maple Grove,525460.06,Contacted,False,,,,,Went cold / unresponsive,2.0,False
L10954,2025-12-01,Referral,A112,Pooja Reddy,Single Family,Lakeview,380296.29,Showing Scheduled,False,,,,,Financing fell through,8.0,False
L10955,2025-07-21,Social Media,A107,Vikram Singh,Single Family,Maple Grove,366043.46,Contacted,False,,,,,Chose competitor,8.0,False
L10956,2025-01-28,Website,A106,Divya Kapoor,Condo,Sunset Hills,228713.73,Contacted,False,,,,,Price too high,13.0,False
L10957,2025-07-18,Referral,A100,Priya Sharma,Multi-Family,Maple Grove,534728.5,Showing Scheduled,False,,,,,Changed mind,10.0,False
L10958,2025-05-27,Zillow,A109,Aditya Verma,Single Family,Pinecrest,381352.6,Showing Completed,False,,,,,Chose competitor,0.0,False
L10959,2025-07-02,Website,A113,Rahul Chawla,Condo,Sunset Hills,212457.71,Showing Scheduled,False,,,,,Went cold / unresponsive,27.0,True
L10960,2025-02-17,Open House,A113,Rahul Chawla,Single Family,Lakeview,421610.96,Contacted,False,,,,,Went cold / unresponsive,6.0,False
L10961,2025-04-04,Referral,A109,Aditya Verma,Single Family,Harborview,509722.17,Contacted,False,,,,,Still in progress,8.0,False
L10962,2025-03-28,Referral,A100,Priya Sharma,Townhouse,Oakridge,276499.55,Showing Completed,False,,,,,Changed mind,9.0,False
L10963,2025-01-08,Social Media,A114,Tanvi Joshi,Single Family,Oakridge,390756.26,Contacted,False,,,,,Price too high,3.0,False
L10964,2025-02-08,Website,A106,Divya Kapoor,Single Family,Oakridge,244778.1,Contacted,False,,,,,Still in progress,6.0,False
L10965,2025-11-06,Social Media,A106,Divya Kapoor,Condo,Maple Grove,215119.22,Offer Made,False,,,,,Chose competitor,1.0,False
L10966,2025-10-30,Website,A109,Aditya Verma,Townhouse,Maple Grove,291544.82,Contacted,False,,,,,Price too high,0.0,False
L10967,2025-08-13,Zillow,A101,Rohan Mehta,Condo,Maple Grove,234189.38,Lead (Uncontacted),False,,,,,Never contacted,0.0,False
L10968,2025-07-25,Zillow,A110,Ishita Bose,Townhouse,Sunset Hills,334692.6,Offer Made,False,,,,,Chose competitor,4.0,False
L10969,2025-02-18,Zillow,A114,Tanvi Joshi,Multi-Family,Pinecrest,648915.88,Contacted,False,,,,,Went cold / unresponsive,6.0,False
L10970,2025-01-23,Zillow,A102,Ananya Iyer,Condo,Pinecrest,281243.13,Closed,True,2025-03-07,43.0,0.028,7874.81,,,False
L10971,2025-10-04,Referral,A102,Ananya Iyer,Single Family,Sunset Hills,562829.48,Showing Completed,False,,,,,Went cold / unresponsive,0.0,False
L10972,2025-07-29,Walk-in,A107,Vikram Singh,Townhouse,Sunset Hills,286694.03,Contacted,False,,,,,Financing fell through,0.0,False
L10973,2025-06-08,Referral,A101,Rohan Mehta,Condo,Harborview,491763.71,Showing Completed,False,,,,,Chose competitor,9.0,False
L10974,2025-10-22,Walk-in,A111,Sameer Khan,Condo,Riverside Heights,345626.35,Showing Completed,False,,,,,Financing fell through,2.0,False
L10975,2025-05-20,Open House,A113,Rahul Chawla,Townhouse,Lakeview,455675.31,Showing Completed,False,,,,,Financing fell through,5.0,False
L10976,2025-07-26,Social Media,A106,Divya Kapoor,Single Family,Riverside Heights,371426.04,Offer Made,False,,,,,Financing fell through,5.0,False
L10977,2025-10-18,Zillow,A103,Karan Malhotra,Townhouse,Pinecrest,310566.78,Contacted,False,,,,,Price too high,1.0,False
L10978,2025-09-01,Website,A104,Sneha Rao,Single Family,Harborview,538087.33,Contacted,False,,,,,Chose competitor,2.0,False
L10979,2025-04-22,Zillow,A102,Ananya Iyer,Single Family,Maple Grove,337705.87,Closed,True,2025-06-09,48.0,0.028,9455.76,,,False
L10980,2025-03-03,Zillow,A101,Rohan Mehta,Condo,Oakridge,240620.2,Contacted,False,,,,,Chose competitor,7.0,False
L10981,2025-09-08,Referral,A109,Aditya Verma,Townhouse,Harborview,405080.17,Closed,True,2025-11-25,78.0,0.028,11342.24,,,False
L10982,2025-03-06,Website,A106,Divya Kapoor,Multi-Family,Lakeview,538676.25,Closed,True,2025-05-07,62.0,0.028,15082.94,,,False
L10983,2025-09-04,Website,A107,Vikram Singh,Single Family,Maple Grove,446431.43,Showing Scheduled,False,,,,,Price too high,11.0,False
L10984,2025-05-28,Website,A109,Aditya Verma,Multi-Family,Sunset Hills,545146.1,Offer Made,False,,,,,Chose competitor,5.0,False
L10985,2025-01-01,Social Media,A101,Rohan Mehta,Multi-Family,Maple Grove,477093.31,Contacted,False,,,,,Changed mind,6.0,False
L10986,2025-11-21,Website,A109,Aditya Verma,Multi-Family,Harborview,742025.39,Contacted,False,,,,,Went cold / unresponsive,0.0,False
L10987,2025-02-05,Website,A112,Pooja Reddy,Condo,Sunset Hills,301102.71,Showing Completed,False,,,,,Still in progress,3.0,False
L10988,2025-12-04,Zillow,A101,Rohan Mehta,Townhouse,Riverside Heights,423931.05,Closed,True,2026-01-27,54.0,0.028,11870.07,,,False
L10989,2025-01-23,Zillow,A108,Neha Gupta,Single Family,Riverside Heights,510691.69,Contacted,False,,,,,Chose competitor,5.0,False
L10990,2025-05-29,Walk-in,A114,Tanvi Joshi,Single Family,Riverside Heights,520163.03,Contacted,False,,,,,Chose competitor,4.0,False
L10991,2025-05-14,Referral,A102,Ananya Iyer,Multi-Family,Sunset Hills,400599.39,Showing Completed,False,,,,,Changed mind,6.0,False
L10992,2025-03-07,Walk-in,A114,Tanvi Joshi,Townhouse,Sunset Hills,342368.58,Showing Completed,False,,,,,Financing fell through,3.0,False
L10993,2025-09-20,Website,A109,Aditya Verma,Townhouse,Sunset Hills,388228.6,Contacted,False,,,,,Changed mind,20.0,False
L10994,2025-04-02,Referral,A105,Arjun Nair,Townhouse,Sunset Hills,405257.9,Lead (Uncontacted),False,,,,,Never contacted,8.0,False
L10995,2025-01-14,Referral,A101,Rohan Mehta,Condo,Downtown Core,365095.72,Closed,True,2025-02-16,33.0,0.028,10222.68,,,False
L10996,2025-12-07,Zillow,A100,Priya Sharma,Townhouse,Oakridge,388491.09,Showing Completed,False,,,,,Still in progress,6.0,False
L10997,2025-08-12,Social Media,A112,Pooja Reddy,Single Family,Riverside Heights,528729.02,Contacted,False,,,,,Went cold / unresponsive,5.0,False
L10998,2025-03-27,Website,A105,Arjun Nair,Townhouse,Lakeview,522642.47,Showing Scheduled,False,,,,,Went cold / unresponsive,30.0,True
L10999,2025-07-26,Referral,A104,Sneha Rao,Single Family,Oakridge,324443.65,Closed,True,2025-09-12,48.0,0.028,9084.42,,,False
L11000,2025-06-22,Open House,A104,Sneha Rao,Single Family,Downtown Core,581018.6,Lead (Uncontacted),False,,,,,Never contacted,11.0,False
L11001,2025-01-26,Social Media,A109,Aditya Verma,Townhouse,Downtown Core,515030.57,Showing Completed,False,,,,,Still in progress,36.0,True
L11002,2025-09-23,Open House,A110,Ishita Bose,Single Family,Harborview,608445.28,Closed,True,2025-11-01,39.0,0.028,17036.47,,,False
L11003,2025-09-16,Zillow,A107,Vikram Singh,Condo,Riverside Heights,350961.25,Showing Completed,False,,,,,Went cold / unresponsive,8.0,False
L11004,2025-11-06,Social Media,A111,Sameer Khan,Single Family,Downtown Core,569016.4,Showing Completed,False,,,,,Chose competitor,2.0,False
L11005,2025-06-19,Website,A110,Ishita Bose,Single Family,Sunset Hills,355088.32,Offer Made,False,,,,,Went cold / unresponsive,12.0,False
L11006,2025-10-06,Open House,A107,Vikram Singh,Townhouse,Sunset Hills,354125.91,Showing Completed,False,,,,,Chose competitor,15.0,False
L11007,2025-10-08,Zillow,A106,Divya Kapoor,Condo,Harborview,360154.46,Showing Completed,False,,,,,Financing fell through,9.0,False
L11008,2025-05-14,Zillow,A110,Ishita Bose,Townhouse,Harborview,433812.75,Lead (Uncontacted),False,,,,,Never contacted,0.0,False
L11009,2025-01-21,Referral,A112,Pooja Reddy,Townhouse,Sunset Hills,347861.21,Closed,True,2025-02-26,36.0,0.028,9740.11,,,False
L11010,2025-01-23,Website,A110,Ishita Bose,Townhouse,Riverside Heights,512024.95,Closed,True,2025-02-17,25.0,0.028,14336.7,,,False
L11011,2025-02-10,Referral,A109,Aditya Verma,Single Family,Pinecrest,367108.53,Contacted,False,,,,,Financing fell through,26.0,True
L11012,2025-04-08,Website,A109,Aditya Verma,Townhouse,Sunset Hills,325103.29,Contacted,False,,,,,Still in progress,37.0,True
L11013,2025-02-21,Social Media,A101,Rohan Mehta,Townhouse,Riverside Heights,489118.35,Showing Completed,False,,,,,Still in progress,1.0,False
L11014,2025-07-20,Walk-in,A109,Aditya Verma,Single Family,Riverside Heights,500668.61,Contacted,False,,,,,Went cold / unresponsive,9.0,False
L11015,2025-02-19,Referral,A106,Divya Kapoor,Single Family,Maple Grove,388523.73,Showing Completed,False,,,,,Went cold / unresponsive,20.0,False
L11016,2025-02-06,Zillow,A110,Ishita Bose,Single Family,Oakridge,382582.41,Showing Scheduled,False,,,,,Still in progress,1.0,False
L11017,2025-09-20,Referral,A104,Sneha Rao,Single Family,Harborview,508577.56,Contacted,False,,,,,Went cold / unresponsive,2.0,False
L11018,2025-01-16,Zillow,A108,Neha Gupta,Townhouse,Oakridge,292037.5,Showing Scheduled,False,,,,,Financing fell through,14.0,False
L11019,2025-01-28,Walk-in,A104,Sneha Rao,Condo,Oakridge,165597.6,Contacted,False,,,,,Financing fell through,6.0,False
L11020,2025-08-27,Social Media,A105,Arjun Nair,Single Family,Maple Grove,391556.67,Offer Made,False,,,,,Chose competitor,13.0,False
L11021,2025-03-12,Walk-in,A110,Ishita Bose,Townhouse,Sunset Hills,469697.51,Offer Made,False,,,,,Chose competitor,2.0,False
L11022,2025-03-25,Referral,A100,Priya Sharma,Townhouse,Downtown Core,375426.95,Contacted,False,,,,,Went cold / unresponsive,0.0,False
L11023,2025-04-23,Zillow,A102,Ananya Iyer,Multi-Family,Harborview,675547.14,Showing Scheduled,False,,,,,Price too high,1.0,False
L11024,2025-09-25,Open House,A111,Sameer Khan,Townhouse,Harborview,295964.69,Contacted,False,,,,,Price too high,1.0,False
L11025,2025-12-25,Referral,A100,Priya Sharma,Single Family,Sunset Hills,434218.35,Contacted,False,,,,,Price too high,10.0,False
L11026,2025-02-25,Open House,A110,Ishita Bose,Single Family,Riverside Heights,444563.44,Closed,True,2025-03-25,28.0,0.028,12447.78,,,False
L11027,2025-02-09,Zillow,A112,Pooja Reddy,Condo,Maple Grove,301055.4,Contacted,False,,,,,Went cold / unresponsive,0.0,False
L11028,2025-05-19,Website,A102,Ananya Iyer,Townhouse,Riverside Heights,474695.12,Showing Completed,False,,,,,Price too high,13.0,False
L11029,2025-12-25,Referral,A109,Aditya Verma,Single Family,Lakeview,405256.14,Showing Completed,False,,,,,Chose competitor,12.0,False
L11030,2025-09-30,Open House,A110,Ishita Bose,Single Family,Oakridge,306994.06,Contacted,False,,,,,Changed mind,13.0,False
L11031,2025-11-22,Open House,A103,Karan Malhotra,Condo,Oakridge,289902.73,Contacted,False,,,,,Financing fell through,11.0,False
L11032,2025-01-20,Zillow,A102,Ananya Iyer,Single Family,Sunset Hills,499384.39,Showing Scheduled,False,,,,,Went cold / unresponsive,24.0,True
L11033,2025-03-14,Website,A110,Ishita Bose,Single Family,Sunset Hills,463516.65,Contacted,False,,,,,Chose competitor,15.0,False
L11034,2025-07-01,Zillow,A112,Pooja Reddy,Single Family,Oakridge,394895.49,Contacted,False,,,,,Price too high,4.0,False
L11035,2025-09-04,Walk-in,A100,Priya Sharma,Multi-Family,Pinecrest,409200.18,Showing Completed,False,,,,,Went cold / unresponsive,10.0,False
L11036,2025-08-11,Walk-in,A101,Rohan Mehta,Townhouse,Sunset Hills,348967.65,Showing Completed,False,,,,,Price too high,30.0,True
L11037,2025-06-18,Referral,A110,Ishita Bose,Condo,Lakeview,334919.26,Lead (Uncontacted),False,,,,,Never contacted,19.0,False
L11038,2025-01-16,Zillow,A103,Karan Malhotra,Single Family,Downtown Core,615295.92,Lead (Uncontacted),False,,,,,Never contacted,8.0,False
L11039,2025-12-26,Social Media,A109,Aditya Verma,Condo,Maple Grove,291934.87,Contacted,False,,,,,Chose competitor,1.0,False
L11040,2025-08-20,Social Media,A108,Neha Gupta,Townhouse,Maple Grove,390367.75,Showing Completed,False,,,,,Went cold / unresponsive,8.0,False
L11041,2025-01-17,Zillow,A106,Divya Kapoor,Single Family,Harborview,543846.74,Contacted,False,,,,,Price too high,2.0,False
L11042,2025-11-28,Website,A112,Pooja Reddy,Condo,Maple Grove,326289.6,Contacted,False,,,,,Chose competitor,17.0,False
L11043,2025-04-03,Zillow,A114,Tanvi Joshi,Single Family,Maple Grove,528641.52,Showing Completed,False,,,,,Went cold / unresponsive,10.0,False
L11044,2025-02-02,Open House,A110,Ishita Bose,Single Family,Oakridge,438787.4,Showing Completed,False,,,,,Still in progress,11.0,False
L11045,2025-01-05,Zillow,A111,Sameer Khan,Condo,Lakeview,220458.02,Contacted,False,,,,,Still in progress,1.0,False
L11046,2025-05-22,Referral,A106,Divya Kapoor,Townhouse,Riverside Heights,613462.11,Contacted,False,,,,,Went cold / unresponsive,0.0,False
L11047,2025-04-16,Zillow,A106,Divya Kapoor,Single Family,Pinecrest,370590.0,Closed,True,2025-05-06,20.0,0.028,10376.52,,,False
L11048,2025-04-16,Social Media,A100,Priya Sharma,Condo,Harborview,479715.97,Offer Made,False,,,,,Still in progress,29.0,True
L11049,2025-04-02,Walk-in,A104,Sneha Rao,Multi-Family,Downtown Core,706743.96,Contacted,False,,,,,Still in progress,1.0,False
L11050,2025-08-31,Zillow,A112,Pooja Reddy,Condo,Oakridge,268288.63,Contacted,False,,,,,Still in progress,4.0,False
L11051,2025-01-22,Referral,A113,Rahul Chawla,Single Family,Lakeview,425133.65,Showing Scheduled,False,,,,,Price too high,22.0,True
L11052,2025-11-22,Social Media,A104,Sneha Rao,Townhouse,Lakeview,290602.97,Offer Made,False,,,,,Still in progress,1.0,False
L11053,2025-09-06,Website,A103,Karan Malhotra,Townhouse,Downtown Core,586543.23,Showing Scheduled,False,,,,,Went cold / unresponsive,2.0,False
L11054,2025-05-07,Zillow,A107,Vikram Singh,Single Family,Maple Grove,423853.48,Contacted,False,,,,,Price too high,20.0,False
L11055,2025-12-01,Website,A114,Tanvi Joshi,Single Family,Maple Grove,415312.75,Contacted,False,,,,,Went cold / unresponsive,2.0,False
L11056,2025-05-12,Social Media,A100,Priya Sharma,Townhouse,Pinecrest,310777.13,Lead (Uncontacted),False,,,,,Never contacted,6.0,False
L11057,2025-06-21,Zillow,A108,Neha Gupta,Single Family,Riverside Heights,550969.36,Showing Completed,False,,,,,Went cold / unresponsive,29.0,True
L11058,2025-06-15,Website,A103,Karan Malhotra,Multi-Family,Downtown Core,733045.59,Contacted,False,,,,,Still in progress,12.0,False
L11059,2025-12-19,Zillow,A110,Ishita Bose,Single Family,Riverside Heights,468035.68,Showing Completed,False,,,,,Changed mind,4.0,False
L11060,2025-05-25,Website,A113,Rahul Chawla,Single Family,Harborview,594725.68,Showing Scheduled,False,,,,,Still in progress,0.0,False
L11061,2025-10-04,Referral,A100,Priya Sharma,Single Family,Sunset Hills,441338.62,Lead (Uncontacted),False,,,,,Never contacted,4.0,False
L11062,2025-12-05,Referral,A104,Sneha Rao,Condo,Lakeview,225137.41,Showing Scheduled,False,,,,,Changed mind,3.0,False
L11063,2025-01-19,Zillow,A109,Aditya Verma,Townhouse,Lakeview,478710.49,Contacted,False,,,,,Changed mind,15.0,False
L11064,2025-04-20,Referral,A104,Sneha Rao,Condo,Downtown Core,393442.75,Contacted,False,,,,,Changed mind,3.0,False
L11065,2025-11-26,Social Media,A110,Ishita Bose,Single Family,Sunset Hills,356021.28,Showing Completed,False,,,,,Changed mind,5.0,False
L11066,2025-04-19,Referral,A111,Sameer Khan,Single Family,Harborview,378646.45,Contacted,False,,,,,Chose competitor,4.0,False
L11067,2025-03-19,Website,A100,Priya Sharma,Townhouse,Sunset Hills,385786.2,Contacted,False,,,,,Chose competitor,3.0,False
L11068,2025-08-06,Website,A108,Neha Gupta,Single Family,Maple Grove,418179.13,Contacted,False,,,,,Changed mind,14.0,False
L11069,2025-04-15,Social Media,A103,Karan Malhotra,Townhouse,Oakridge,235566.46,Contacted,False,,,,,Still in progress,0.0,False
L11070,2025-07-26,Website,A105,Arjun Nair,Single Family,Harborview,580360.85,Contacted,False,,,,,Price too high,31.0,True
L11071,2025-03-27,Referral,A108,Neha Gupta,Multi-Family,Downtown Core,702508.46,Showing Completed,False,,,,,Financing fell through,9.0,False
L11072,2025-09-01,Open House,A104,Sneha Rao,Condo,Maple Grove,320945.48,Closed,True,2025-10-23,52.0,0.028,8986.47,,,False
L11073,2025-06-07,Zillow,A105,Arjun Nair,Single Family,Downtown Core,479425.04,Lead (Uncontacted),False,,,,,Never contacted,11.0,False
L11074,2025-07-17,Website,A112,Pooja Reddy,Single Family,Lakeview,383678.66,Contacted,False,,,,,Went cold / unresponsive,3.0,False
L11075,2025-03-27,Zillow,A109,Aditya Verma,Townhouse,Riverside Heights,448571.75,Lead (Uncontacted),False,,,,,Never contacted,0.0,False
L11076,2025-10-03,Zillow,A103,Karan Malhotra,Single Family,Lakeview,377860.28,Showing Scheduled,False,,,,,Chose competitor,0.0,False
L11077,2025-09-30,Referral,A106,Divya Kapoor,Multi-Family,Downtown Core,764049.99,Showing Completed,False,,,,,Chose competitor,3.0,False
L11078,2025-08-19,Walk-in,A100,Priya Sharma,Condo,Harborview,394885.56,Closed,True,2025-10-22,64.0,0.028,11056.8,,,False
L11079,2025-07-30,Zillow,A109,Aditya Verma,Single Family,Sunset Hills,414166.34,Showing Completed,False,,,,,Chose competitor,4.0,False
L11080,2025-09-05,Website,A114,Tanvi Joshi,Multi-Family,Riverside Heights,711060.43,Contacted,False,,,,,Went cold / unresponsive,4.0,False
L11081,2025-12-01,Walk-in,A105,Arjun Nair,Single Family,Harborview,632362.0,Showing Completed,False,,,,,Still in progress,7.0,False
L11082,2025-09-04,Walk-in,A110,Ishita Bose,Condo,Pinecrest,181951.76,Offer Made,False,,,,,Price too high,1.0,False
L11083,2025-12-08,Website,A113,Rahul Chawla,Condo,Harborview,315662.28,Contacted,False,,,,,Financing fell through,2.0,False
L11084,2025-05-15,Social Media,A103,Karan Malhotra,Single Family,Riverside Heights,340686.05,Offer Made,False,,,,,Price too high,0.0,False
L11085,2025-01-08,Referral,A113,Rahul Chawla,Single Family,Pinecrest,473743.18,Showing Scheduled,False,,,,,Still in progress,15.0,False
L11086,2025-04-14,Website,A106,Divya Kapoor,Single Family,Riverside Heights,513320.33,Offer Made,False,,,,,Chose competitor,5.0,False
L11087,2025-11-13,Referral,A112,Pooja Reddy,Single Family,Downtown Core,705148.92,Closed,True,2025-12-11,28.0,0.028,19744.17,,,False
L11088,2025-07-31,Website,A113,Rahul Chawla,Townhouse,Lakeview,438156.6,Showing Completed,False,,,,,Went cold / unresponsive,12.0,False
L11089,2025-08-03,Referral,A114,Tanvi Joshi,Single Family,Downtown Core,576127.43,Contacted,False,,,,,Went cold / unresponsive,8.0,False
L11090,2025-04-27,Walk-in,A106,Divya Kapoor,Townhouse,Sunset Hills,347267.39,Closed,True,2025-05-29,32.0,0.028,9723.49,,,False
L11091,2025-02-13,Referral,A104,Sneha Rao,Single Family,Downtown Core,440306.96,Closed,True,2025-03-27,42.0,0.028,12328.59,,,False
L11092,2025-11-05,Zillow,A104,Sneha Rao,Condo,Sunset Hills,279026.36,Contacted,False,,,,,Went cold / unresponsive,15.0,False
L11093,2025-04-19,Open House,A110,Ishita Bose,Condo,Lakeview,313634.37,Contacted,False,,,,,Financing fell through,18.0,False
L11094,2025-01-10,Referral,A112,Pooja Reddy,Condo,Pinecrest,260994.71,Closed,True,2025-04-05,85.0,0.028,7307.85,,,False
L11095,2025-03-26,Open House,A113,Rahul Chawla,Single Family,Maple Grove,325887.0,Contacted,False,,,,,Went cold / unresponsive,17.0,False
L11096,2025-08-17,Zillow,A101,Rohan Mehta,Condo,Lakeview,257451.38,Showing Scheduled,False,,,,,Price too high,32.0,True
L11097,2025-08-07,Website,A112,Pooja Reddy,Single Family,Harborview,567296.2,Showing Scheduled,False,,,,,Went cold / unresponsive,8.0,False
L11098,2025-10-12,Website,A106,Divya Kapoor,Townhouse,Pinecrest,322285.26,Offer Made,False,,,,,Chose competitor,2.0,False
L11099,2025-05-17,Zillow,A108,Neha Gupta,Single Family,Pinecrest,392421.62,Contacted,False,,,,,Went cold / unresponsive,3.0,False
L11100,2025-08-08,Website,A112,Pooja Reddy,Single Family,Lakeview,403936.0,Lead (Uncontacted),False,,,,,Never contacted,5.0,False
L11101,2025-09-28,Website,A102,Ananya Iyer,Condo,Pinecrest,268958.99,Showing Completed,False,,,,,Still in progress,11.0,False
L11102,2025-11-05,Open House,A108,Neha Gupta,Multi-Family,Maple Grove,667203.78,Contacted,False,,,,,Went cold / unresponsive,1.0,False
L11103,2025-05-23,Zillow,A114,Tanvi Joshi,Condo,Maple Grove,299383.76,Contacted,False,,,,,Still in progress,21.0,False
L11104,2025-07-02,Referral,A104,Sneha Rao,Single Family,Downtown Core,570904.32,Contacted,False,,,,,Chose competitor,13.0,False
L11105,2025-10-28,Website,A105,Arjun Nair,Single Family,Pinecrest,368067.83,Contacted,False,,,,,Went cold / unresponsive,4.0,False
L11106,2025-11-01,Zillow,A103,Karan Malhotra,Condo,Harborview,407071.96,Showing Completed,False,,,,,Chose competitor,2.0,False
L11107,2025-10-19,Zillow,A109,Aditya Verma,Condo,Harborview,418660.9,Offer Made,False,,,,,Price too high,1.0,False
L11108,2025-02-14,Social Media,A108,Neha Gupta,Townhouse,Riverside Heights,464921.4,Contacted,False,,,,,Went cold / unresponsive,2.0,False
L11109,2025-11-10,Zillow,A107,Vikram Singh,Single Family,Oakridge,259120.94,Offer Made,False,,,,,Price too high,21.0,False
L11110,2025-02-08,Walk-in,A107,Vikram Singh,Townhouse,Downtown Core,445842.55,Contacted,False,,,,,Price too high,29.0,True
L11111,2025-12-17,Website,A104,Sneha Rao,Condo,Maple Grove,287258.04,Offer Made,False,,,,,Went cold / unresponsive,7.0,False
L11112,2025-04-26,Social Media,A104,Sneha Rao,Condo,Oakridge,225983.01,Showing Completed,False,,,,,Chose competitor,25.0,True
L11113,2025-07-16,Referral,A104,Sneha Rao,Single Family,Downtown Core,746859.55,Lead (Uncontacted),False,,,,,Never contacted,1.0,False
L11114,2025-07-09,Referral,A112,Pooja Reddy,Townhouse,Maple Grove,291985.07,Lead (Uncontacted),False,,,,,Never contacted,0.0,False
L11115,2025-06-10,Walk-in,A104,Sneha Rao,Single Family,Maple Grove,322081.97,Closed,True,2025-08-09,60.0,0.028,9018.3,,,False
L11116,2025-09-04,Walk-in,A106,Divya Kapoor,Single Family,Harborview,386046.82,Contacted,False,,,,,Price too high,19.0,False
L11117,2025-02-01,Website,A110,Ishita Bose,Townhouse,Riverside Heights,472741.05,Showing Scheduled,False,,,,,Still in progress,0.0,False
L11118,2025-08-26,Zillow,A107,Vikram Singh,Condo,Maple Grove,242168.04,Contacted,False,,,,,Went cold / unresponsive,5.0,False
L11119,2025-11-12,Referral,A102,Ananya Iyer,Condo,Riverside Heights,420104.67,Contacted,False,,,,,Went cold / unresponsive,15.0,False
L11120,2025-09-03,Walk-in,A104,Sneha Rao,Condo,Lakeview,227493.25,Closed,True,2025-09-21,18.0,0.028,6369.81,,,False
L11121,2025-06-21,Open House,A107,Vikram Singh,Single Family,Oakridge,345621.1,Offer Made,False,,,,,Went cold / unresponsive,26.0,True
L11122,2025-10-10,Open House,A104,Sneha Rao,Condo,Lakeview,316049.76,Closed,True,2025-11-29,50.0,0.028,8849.39,,,False
L11123,2025-10-17,Social Media,A114,Tanvi Joshi,Single Family,Maple Grove,327819.83,Showing Completed,False,,,,,Chose competitor,5.0,False
L11124,2025-11-19,Referral,A110,Ishita Bose,Single Family,Lakeview,503676.98,Showing Scheduled,False,,,,,Price too high,17.0,False
L11125,2025-06-30,Zillow,A104,Sneha Rao,Single Family,Pinecrest,332800.44,Contacted,False,,,,,Still in progress,3.0,False
L11126,2025-11-17,Social Media,A112,Pooja Reddy,Multi-Family,Pinecrest,444901.13,Contacted,False,,,,,Price too high,1.0,False
L11127,2025-07-15,Social Media,A100,Priya Sharma,Townhouse,Riverside Heights,282197.41,Showing Completed,False,,,,,Still in progress,20.0,False
L11128,2025-08-25,Zillow,A101,Rohan Mehta,Multi-Family,Lakeview,541445.0,Contacted,False,,,,,Financing fell through,10.0,False
L11129,2025-11-21,Website,A113,Rahul Chawla,Multi-Family,Downtown Core,861182.81,Contacted,False,,,,,Price too high,0.0,False
L11130,2025-11-14,Social Media,A102,Ananya Iyer,Single Family,Oakridge,384069.36,Contacted,False,,,,,Went cold / unresponsive,12.0,False
L11131,2025-11-16,Referral,A110,Ishita Bose,Townhouse,Harborview,509374.59,Showing Scheduled,False,,,,,Went cold / unresponsive,13.0,False
L11132,2025-07-15,Website,A106,Divya Kapoor,Townhouse,Downtown Core,394999.24,Showing Completed,False,,,,,Still in progress,8.0,False
L11133,2025-03-11,Zillow,A102,Ananya Iyer,Townhouse,Downtown Core,486810.63,Lead (Uncontacted),False,,,,,Never contacted,28.0,True
L11134,2025-06-08,Referral,A102,Ananya Iyer,Single Family,Maple Grove,351674.11,Showing Scheduled,False,,,,,Went cold / unresponsive,5.0,False
L11135,2025-08-26,Walk-in,A112,Pooja Reddy,Single Family,Maple Grove,315268.52,Showing Completed,False,,,,,Went cold / unresponsive,25.0,True
L11136,2025-09-21,Zillow,A101,Rohan Mehta,Condo,Riverside Heights,319668.24,Showing Completed,False,,,,,Chose competitor,9.0,False
L11137,2025-05-08,Referral,A114,Tanvi Joshi,Multi-Family,Harborview,818763.83,Contacted,False,,,,,Went cold / unresponsive,8.0,False
L11138,2025-09-14,Referral,A107,Vikram Singh,Single Family,Sunset Hills,479532.34,Contacted,False,,,,,Still in progress,15.0,False
L11139,2025-01-30,Referral,A101,Rohan Mehta,Single Family,Maple Grove,297477.39,Showing Completed,False,,,,,Price too high,2.0,False
L11140,2025-06-21,Referral,A112,Pooja Reddy,Single Family,Maple Grove,396798.28,Showing Completed,False,,,,,Changed mind,31.0,True
L11141,2025-07-11,Zillow,A109,Aditya Verma,Condo,Harborview,440212.44,Contacted,False,,,,,Chose competitor,6.0,False
L11142,2025-10-22,Zillow,A108,Neha Gupta,Townhouse,Downtown Core,422388.01,Lead (Uncontacted),False,,,,,Never contacted,54.0,True
L11143,2025-07-23,Website,A103,Karan Malhotra,Single Family,Sunset Hills,552034.69,Contacted,False,,,,,Still in progress,9.0,False
L11144,2025-12-24,Referral,A101,Rohan Mehta,Single Family,Pinecrest,421335.23,Showing Scheduled,False,,,,,Chose competitor,20.0,False
L11145,2025-10-01,Referral,A100,Priya Sharma,Condo,Harborview,332869.79,Closed,True,2025-11-22,52.0,0.028,9320.35,,,False
L11146,2025-11-28,Zillow,A101,Rohan Mehta,Condo,Sunset Hills,251156.72,Showing Scheduled,False,,,,,Still in progress,17.0,False
L11147,2025-05-24,Zillow,A104,Sneha Rao,Condo,Oakridge,258178.12,Contacted,False,,,,,Still in progress,3.0,False
L11148,2025-12-13,Referral,A110,Ishita Bose,Single Family,Lakeview,388803.83,Showing Completed,False,,,,,Went cold / unresponsive,7.0,False
L11149,2025-01-25,Zillow,A109,Aditya Verma,Single Family,Riverside Heights,498365.66,Showing Scheduled,False,,,,,Financing fell through,24.0,True
L11150,2025-08-11,Zillow,A104,Sneha Rao,Single Family,Harborview,483407.78,Showing Completed,False,,,,,Chose competitor,1.0,False
L11151,2025-04-28,Walk-in,A113,Rahul Chawla,Single Family,Oakridge,389424.19,Lead (Uncontacted),False,,,,,Never contacted,0.0,False
L11152,2025-06-05,Social Media,A104,Sneha Rao,Multi-Family,Riverside Heights,803380.31,Showing Completed,False,,,,,Went cold / unresponsive,26.0,True
L11153,2025-02-17,Zillow,A112,Pooja Reddy,Single Family,Downtown Core,550635.0,Contacted,False,,,,,Price too high,18.0,False
L11154,2025-01-16,Referral,A100,Priya Sharma,Single Family,Maple Grove,443616.99,Contacted,False,,,,,Financing fell through,0.0,False
L11155,2025-01-30,Website,A108,Neha Gupta,Single Family,Downtown Core,713484.7,Offer Made,False,,,,,Financing fell through,12.0,False
L11156,2025-03-15,Referral,A105,Arjun Nair,Multi-Family,Riverside Heights,612941.46,Showing Completed,False,,,,,Went cold / unresponsive,13.0,False
L11157,2025-03-14,Zillow,A111,Sameer Khan,Single Family,Maple Grove,402367.35,Showing Completed,False,,,,,Went cold / unresponsive,10.0,False
L11158,2025-09-22,Social Media,A100,Priya Sharma,Single Family,Pinecrest,357445.0,Contacted,False,,,,,Price too high,7.0,False
L11159,2025-01-24,Referral,A110,Ishita Bose,Condo,Pinecrest,161244.52,Showing Completed,False,,,,,Went cold / unresponsive,7.0,False
L11160,2025-02-04,Open House,A103,Karan Malhotra,Single Family,Pinecrest,425736.03,Showing Completed,False,,,,,Went cold / unresponsive,10.0,False
L11161,2025-10-19,Zillow,A104,Sneha Rao,Multi-Family,Harborview,963969.76,Showing Scheduled,False,,,,,Changed mind,14.0,False
L11162,2025-10-28,Social Media,A110,Ishita Bose,Townhouse,Maple Grove,284497.65,Contacted,False,,,,,Financing fell through,18.0,False
L11163,2025-03-24,Social Media,A104,Sneha Rao,Townhouse,Riverside Heights,410947.41,Closed,True,2025-05-13,50.0,0.028,11506.53,,,False
L11164,2025-12-28,Referral,A101,Rohan Mehta,Single Family,Sunset Hills,357507.41,Lead (Uncontacted),False,,,,,Never contacted,11.0,False
L11165,2025-11-16,Referral,A106,Divya Kapoor,Condo,Maple Grove,277454.44,Closed,True,2026-01-06,51.0,0.028,7768.72,,,False
L11166,2025-02-16,Website,A104,Sneha Rao,Single Family,Pinecrest,320468.63,Showing Completed,False,,,,,Went cold / unresponsive,2.0,False
L11167,2025-02-07,Zillow,A109,Aditya Verma,Townhouse,Oakridge,199728.1,Showing Completed,False,,,,,Price too high,5.0,False
L11168,2025-03-26,Zillow,A107,Vikram Singh,Townhouse,Pinecrest,283393.39,Contacted,False,,,,,Financing fell through,0.0,False
L11169,2025-01-22,Website,A110,Ishita Bose,Condo,Lakeview,274825.01,Showing Completed,False,,,,,Price too high,3.0,False
L11170,2025-01-05,Website,A104,Sneha Rao,Townhouse,Oakridge,249229.56,Showing Completed,False,,,,,Went cold / unresponsive,4.0,False
L11171,2025-01-10,Open House,A109,Aditya Verma,Condo,Downtown Core,488710.33,Closed,True,2025-02-25,46.0,0.028,13683.89,,,False
L11172,2025-11-12,Referral,A100,Priya Sharma,Single Family,Sunset Hills,334970.84,Showing Completed,False,,,,,Changed mind,1.0,False
L11173,2025-10-29,Open House,A106,Divya Kapoor,Multi-Family,Sunset Hills,406170.74,Showing Scheduled,False,,,,,Price too high,0.0,False
L11174,2025-08-20,Social Media,A113,Rahul Chawla,Single Family,Pinecrest,320365.28,Contacted,False,,,,,Chose competitor,4.0,False
L11175,2025-01-04,Referral,A110,Ishita Bose,Single Family,Sunset Hills,421642.45,Contacted,False,,,,,Changed mind,5.0,False
L11176,2025-10-05,Walk-in,A101,Rohan Mehta,Townhouse,Lakeview,413834.7,Lead (Uncontacted),False,,,,,Never contacted,0.0,False
L11177,2025-01-14,Social Media,A110,Ishita Bose,Single Family,Harborview,660173.31,Offer Made,False,,,,,Changed mind,2.0,False
L11178,2025-04-20,Zillow,A104,Sneha Rao,Townhouse,Maple Grove,284718.81,Showing Completed,False,,,,,Financing fell through,2.0,False
L11179,2025-11-28,Social Media,A107,Vikram Singh,Condo,Downtown Core,489725.01,Contacted,False,,,,,Went cold / unresponsive,4.0,False
L11180,2025-09-18,Website,A113,Rahul Chawla,Single Family,Lakeview,394810.06,Contacted,False,,,,,Went cold / unresponsive,4.0,False
L11181,2025-01-23,Open House,A110,Ishita Bose,Single Family,Downtown Core,411433.81,Showing Scheduled,False,,,,,Financing fell through,34.0,True
L11182,2025-12-09,Referral,A108,Neha Gupta,Single Family,Lakeview,508325.8,Lead (Uncontacted),False,,,,,Never contacted,2.0,False
L11183,2025-12-19,Website,A114,Tanvi Joshi,Townhouse,Lakeview,265094.48,Showing Completed,False,,,,,Went cold / unresponsive,1.0,False
L11184,2025-12-23,Website,A104,Sneha Rao,Single Family,Riverside Heights,446019.6,Showing Completed,False,,,,,Chose competitor,3.0,False
L11185,2025-05-18,Zillow,A102,Ananya Iyer,Townhouse,Harborview,468307.65,Offer Made,False,,,,,Price too high,9.0,False
L11186,2025-07-09,Referral,A112,Pooja Reddy,Single Family,Oakridge,279230.16,Contacted,False,,,,,Went cold / unresponsive,0.0,False
L11187,2025-08-04,Website,A101,Rohan Mehta,Single Family,Maple Grove,416643.93,Showing Scheduled,False,,,,,Still in progress,11.0,False
L11188,2025-07-08,Zillow,A114,Tanvi Joshi,Single Family,Maple Grove,408465.1,Contacted,False,,,,,Price too high,3.0,False
L11189,2025-08-30,Zillow,A107,Vikram Singh,Condo,Downtown Core,416919.06,Showing Completed,False,,,,,Went cold / unresponsive,1.0,False
L11190,2025-05-05,Referral,A108,Neha Gupta,Single Family,Sunset Hills,527881.87,Contacted,False,,,,,Still in progress,10.0,False
L11191,2025-08-03,Open House,A108,Neha Gupta,Single Family,Lakeview,492885.71,Contacted,False,,,,,Changed mind,0.0,False
L11192,2025-08-20,Social Media,A108,Neha Gupta,Single Family,Harborview,410228.38,Showing Scheduled,False,,,,,Went cold / unresponsive,24.0,True
L11193,2025-09-25,Open House,A101,Rohan Mehta,Single Family,Riverside Heights,386509.58,Showing Completed,False,,,,,Financing fell through,8.0,False
L11194,2025-05-11,Walk-in,A108,Neha Gupta,Single Family,Riverside Heights,290104.77,Lead (Uncontacted),False,,,,,Never contacted,26.0,True
L11195,2025-07-17,Walk-in,A109,Aditya Verma,Townhouse,Pinecrest,248744.15,Showing Completed,False,,,,,Financing fell through,2.0,False
L11196,2025-05-23,Open House,A112,Pooja Reddy,Condo,Sunset Hills,221275.6,Closed,True,2025-06-27,35.0,0.028,6195.72,,,False
L11197,2025-09-10,Referral,A106,Divya Kapoor,Single Family,Sunset Hills,371676.97,Contacted,False,,,,,Chose competitor,4.0,False
L11198,2025-06-02,Referral,A101,Rohan Mehta,Multi-Family,Lakeview,598672.08,Contacted,False,,,,,Still in progress,16.0,False
L11199,2025-10-07,Referral,A102,Ananya Iyer,Condo,Sunset Hills,197111.95,Closed,True,2025-11-17,41.0,0.028,5519.13,,,False
L11200,2025-04-21,Walk-in,A100,Priya Sharma,Townhouse,Pinecrest,274010.91,Contacted,False,,,,,Chose competitor,24.0,True
L11201,2025-02-24,Walk-in,A114,Tanvi Joshi,Single Family,Sunset Hills,430257.82,Contacted,False,,,,,Chose competitor,8.0,False
L11202,2025-03-25,Zillow,A105,Arjun Nair,Single Family,Harborview,451938.07,Contacted,False,,,,,Went cold / unresponsive,9.0,False
L11203,2025-01-25,Open House,A106,Divya Kapoor,Townhouse,Oakridge,333980.29,Closed,True,2025-03-25,59.0,0.028,9351.45,,,False
L11204,2025-10-17,Website,A111,Sameer Khan,Single Family,Downtown Core,453595.08,Showing Completed,False,,,,,Went cold / unresponsive,23.0,True
L11205,2025-10-28,Open House,A113,Rahul Chawla,Single Family,Sunset Hills,290048.86,Contacted,False,,,,,Price too high,1.0,False
L11206,2025-09-16,Referral,A105,Arjun Nair,Townhouse,Sunset Hills,404073.62,Contacted,False,,,,,Went cold / unresponsive,7.0,False
L11207,2025-03-23,Website,A103,Karan Malhotra,Condo,Pinecrest,194712.0,Contacted,False,,,,,Financing fell through,8.0,False
L11208,2025-01-04,Zillow,A104,Sneha Rao,Condo,Sunset Hills,183677.57,Contacted,False,,,,,Financing fell through,9.0,False
L11209,2025-09-03,Social Media,A112,Pooja Reddy,Townhouse,Downtown Core,571947.47,Contacted,False,,,,,Still in progress,12.0,False
L11210,2025-02-05,Website,A108,Neha Gupta,Townhouse,Lakeview,443206.43,Showing Scheduled,False,,,,,Went cold / unresponsive,13.0,False
L11211,2025-08-04,Zillow,A100,Priya Sharma,Single Family,Lakeview,490378.18,Contacted,False,,,,,Financing fell through,11.0,False
L11212,2025-10-04,Walk-in,A114,Tanvi Joshi,Single Family,Pinecrest,355909.08,Showing Completed,False,,,,,Chose competitor,1.0,False
L11213,2025-02-03,Open House,A106,Divya Kapoor,Single Family,Downtown Core,427935.04,Contacted,False,,,,,Went cold / unresponsive,10.0,False
L11214,2025-01-29,Zillow,A104,Sneha Rao,Townhouse,Riverside Heights,427628.35,Offer Made,False,,,,,Price too high,4.0,False
L11215,2025-06-12,Walk-in,A104,Sneha Rao,Townhouse,Oakridge,263802.0,Offer Made,False,,,,,Went cold / unresponsive,1.0,False
L11216,2025-08-18,Website,A106,Divya Kapoor,Condo,Lakeview,275745.23,Contacted,False,,,,,Price too high,2.0,False
L11217,2025-05-16,Referral,A105,Arjun Nair,Single Family,Downtown Core,422139.34,Showing Completed,False,,,,,Financing fell through,0.0,False
L11218,2025-07-21,Website,A106,Divya Kapoor,Single Family,Pinecrest,372343.59,Showing Scheduled,False,,,,,Went cold / unresponsive,0.0,False
L11219,2025-04-27,Zillow,A101,Rohan Mehta,Townhouse,Oakridge,303340.0,Contacted,False,,,,,Went cold / unresponsive,3.0,False
L11220,2025-04-15,Open House,A104,Sneha Rao,Condo,Maple Grove,293106.7,Showing Completed,False,,,,,Still in progress,13.0,False
L11221,2025-12-16,Website,A108,Neha Gupta,Condo,Maple Grove,300769.56,Contacted,False,,,,,Price too high,4.0,False
L11222,2025-11-21,Referral,A101,Rohan Mehta,Single Family,Pinecrest,232821.76,Contacted,False,,,,,Chose competitor,20.0,False
L11223,2025-08-12,Open House,A104,Sneha Rao,Single Family,Downtown Core,652037.18,Showing Completed,False,,,,,Chose competitor,4.0,False
L11224,2025-11-06,Website,A109,Aditya Verma,Single Family,Sunset Hills,280698.07,Showing Completed,False,,,,,Went cold / unresponsive,6.0,False
L11225,2025-01-17,Website,A113,Rahul Chawla,Single Family,Lakeview,457978.16,Contacted,False,,,,,Financing fell through,4.0,False
L11226,2025-09-20,Open House,A102,Ananya Iyer,Townhouse,Oakridge,278027.99,Contacted,False,,,,,Still in progress,6.0,False
L11227,2025-07-05,Website,A106,Divya Kapoor,Condo,Harborview,473811.73,Contacted,False,,,,,Chose competitor,3.0,False
L11228,2025-12-09,Zillow,A108,Neha Gupta,Single Family,Maple Grove,385862.87,Offer Made,False,,,,,Changed mind,5.0,False
L11229,2025-06-21,Zillow,A102,Ananya Iyer,Condo,Riverside Heights,397980.86,Showing Completed,False,,,,,Price too high,29.0,True
L11230,2025-03-08,Referral,A109,Aditya Verma,Single Family,Lakeview,424743.53,Contacted,False,,,,,Changed mind,6.0,False
L11231,2025-04-23,Zillow,A103,Karan Malhotra,Townhouse,Lakeview,362760.33,Lead (Uncontacted),False,,,,,Never contacted,1.0,False
L11232,2025-01-07,Zillow,A107,Vikram Singh,Condo,Downtown Core,320965.65,Contacted,False,,,,,Chose competitor,2.0,False
L11233,2025-01-21,Walk-in,A109,Aditya Verma,Condo,Pinecrest,321110.58,Contacted,False,,,,,Went cold / unresponsive,21.0,False
L11234,2025-07-31,Zillow,A101,Rohan Mehta,Multi-Family,Pinecrest,443856.66,Showing Completed,False,,,,,Still in progress,8.0,False
L11235,2025-11-14,Zillow,A101,Rohan Mehta,Single Family,Maple Grove,409921.48,Contacted,False,,,,,Went cold / unresponsive,1.0,False
L11236,2025-03-06,Social Media,A105,Arjun Nair,Single Family,Maple Grove,380739.81,Contacted,False,,,,,Price too high,21.0,False
L11237,2025-08-22,Open House,A100,Priya Sharma,Townhouse,Lakeview,410627.46,Contacted,False,,,,,Still in progress,8.0,False
L11238,2025-12-12,Social Media,A114,Tanvi Joshi,Single Family,Sunset Hills,397701.79,Offer Made,False,,,,,Still in progress,2.0,False
L11239,2025-02-16,Zillow,A113,Rahul Chawla,Single Family,Lakeview,452222.76,Contacted,False,,,,,Financing fell through,17.0,False
L11240,2025-02-25,Zillow,A104,Sneha Rao,Condo,Sunset Hills,278790.88,Closed,True,2025-03-29,32.0,0.028,7806.14,,,False
L11241,2025-05-03,Open House,A107,Vikram Singh,Single Family,Oakridge,414218.3,Closed,True,2025-06-24,52.0,0.028,11598.11,,,False
L11242,2025-04-06,Zillow,A106,Divya Kapoor,Multi-Family,Harborview,944735.91,Contacted,False,,,,,Price too high,8.0,False
L11243,2025-08-08,Zillow,A114,Tanvi Joshi,Townhouse,Riverside Heights,486128.71,Contacted,False,,,,,Price too high,10.0,False
L11244,2025-01-20,Referral,A104,Sneha Rao,Multi-Family,Downtown Core,812896.17,Showing Scheduled,False,,,,,Price too high,4.0,False
L11245,2025-01-14,Social Media,A101,Rohan Mehta,Single Family,Downtown Core,613418.53,Showing Scheduled,False,,,,,Went cold / unresponsive,20.0,False
L11246,2025-03-08,Zillow,A100,Priya Sharma,Multi-Family,Maple Grove,617698.5,Lead (Uncontacted),False,,,,,Never contacted,4.0,False
L11247,2025-03-08,Referral,A110,Ishita Bose,Multi-Family,Downtown Core,687798.37,Showing Scheduled,False,,,,,Went cold / unresponsive,18.0,False
L11248,2025-01-31,Zillow,A106,Divya Kapoor,Multi-Family,Sunset Hills,630892.3,Contacted,False,,,,,Went cold / unresponsive,7.0,False
L11249,2025-05-09,Referral,A100,Priya Sharma,Single Family,Maple Grove,422995.23,Closed,True,2025-06-12,34.0,0.028,11843.87,,,False
L11250,2025-11-16,Zillow,A110,Ishita Bose,Condo,Lakeview,413751.28,Showing Scheduled,False,,,,,Price too high,17.0,False
L11251,2025-03-08,Referral,A109,Aditya Verma,Single Family,Oakridge,294194.58,Closed,True,2025-04-13,36.0,0.028,8237.45,,,False
L11252,2025-08-21,Walk-in,A104,Sneha Rao,Single Family,Harborview,625696.61,Offer Made,False,,,,,Went cold / unresponsive,5.0,False
L11253,2025-11-24,Social Media,A102,Ananya Iyer,Condo,Lakeview,358993.23,Lead (Uncontacted),False,,,,,Never contacted,3.0,False
L11254,2025-05-05,Referral,A106,Divya Kapoor,Townhouse,Harborview,354818.8,Showing Scheduled,False,,,,,Went cold / unresponsive,5.0,False
L11255,2025-01-02,Referral,A104,Sneha Rao,Single Family,Lakeview,439019.95,Closed,True,2025-02-19,48.0,0.028,12292.56,,,False
L11256,2025-04-12,Open House,A102,Ananya Iyer,Townhouse,Harborview,538265.31,Lead (Uncontacted),False,,,,,Never contacted,34.0,True
L11257,2025-08-26,Referral,A103,Karan Malhotra,Condo,Downtown Core,423274.23,Contacted,False,,,,,Went cold / unresponsive,4.0,False
L11258,2025-12-01,Zillow,A114,Tanvi Joshi,Single Family,Pinecrest,408365.9,Offer Made,False,,,,,Went cold / unresponsive,2.0,False
L11259,2025-03-10,Website,A102,Ananya Iyer,Condo,Maple Grove,226759.05,Contacted,False,,,,,Still in progress,0.0,False
L11260,2025-06-04,Social Media,A100,Priya Sharma,Multi-Family,Riverside Heights,745892.99,Contacted,False,,,,,Still in progress,9.0,False
L11261,2025-06-21,Website,A110,Ishita Bose,Single Family,Lakeview,451395.38,Closed,True,2025-08-06,46.0,0.028,12639.07,,,False
L11262,2025-07-05,Website,A108,Neha Gupta,Single Family,Oakridge,284264.98,Contacted,False,,,,,Went cold / unresponsive,7.0,False
L11263,2025-06-12,Zillow,A105,Arjun Nair,Townhouse,Sunset Hills,290596.04,Closed,True,2025-07-04,22.0,0.028,8136.69,,,False
L11264,2025-08-08,Referral,A102,Ananya Iyer,Condo,Oakridge,232538.72,Lead (Uncontacted),False,,,,,Never contacted,31.0,True
L11265,2025-05-05,Walk-in,A105,Arjun Nair,Single Family,Lakeview,403449.4,Contacted,False,,,,,Changed mind,7.0,False
L11266,2025-11-23,Zillow,A102,Ananya Iyer,Single Family,Riverside Heights,496862.25,Contacted,False,,,,,Went cold / unresponsive,18.0,False
L11267,2025-02-10,Referral,A112,Pooja Reddy,Condo,Riverside Heights,311196.64,Closed,True,2025-03-11,29.0,0.028,8713.51,,,False
L11268,2025-10-02,Referral,A112,Pooja Reddy,Single Family,Harborview,623072.29,Contacted,False,,,,,Chose competitor,3.0,False
L11269,2025-05-03,Social Media,A109,Aditya Verma,Single Family,Sunset Hills,499749.87,Contacted,False,,,,,Price too high,3.0,False
L11270,2025-03-23,Zillow,A104,Sneha Rao,Multi-Family,Downtown Core,949981.2,Closed,True,2025-05-15,53.0,0.028,26599.47,,,False
L11271,2025-04-12,Zillow,A109,Aditya Verma,Townhouse,Pinecrest,264886.29,Lead (Uncontacted),False,,,,,Never contacted,0.0,False
L11272,2025-10-30,Website,A114,Tanvi Joshi,Townhouse,Lakeview,391997.21,Contacted,False,,,,,Chose competitor,7.0,False
L11273,2025-05-01,Website,A106,Divya Kapoor,Townhouse,Downtown Core,500170.74,Showing Completed,False,,,,,Still in progress,5.0,False
L11274,2025-07-25,Open House,A103,Karan Malhotra,Condo,Harborview,394458.89,Showing Scheduled,False,,,,,Went cold / unresponsive,4.0,False
L11275,2025-04-23,Referral,A107,Vikram Singh,Single Family,Sunset Hills,502373.23,Contacted,False,,,,,Went cold / unresponsive,7.0,False
L11276,2025-03-26,Social Media,A113,Rahul Chawla,Condo,Oakridge,286769.76,Offer Made,False,,,,,Still in progress,8.0,False
L11277,2025-08-16,Website,A104,Sneha Rao,Condo,Oakridge,273247.06,Showing Completed,False,,,,,Still in progress,6.0,False
L11278,2025-11-08,Website,A109,Aditya Verma,Single Family,Riverside Heights,670601.1,Contacted,False,,,,,Chose competitor,2.0,False
L11279,2025-12-26,Zillow,A100,Priya Sharma,Townhouse,Lakeview,338557.21,Offer Made,False,,,,,Still in progress,3.0,False
L11280,2025-10-01,Social Media,A109,Aditya Verma,Single Family,Riverside Heights,420020.57,Offer Made,False,,,,,Chose competitor,3.0,False
L11281,2025-06-25,Website,A102,Ananya Iyer,Townhouse,Harborview,499855.36,Contacted,False,,,,,Chose competitor,0.0,False
L11282,2025-11-01,Website,A106,Divya Kapoor,Condo,Riverside Heights,379110.78,Closed,True,2025-12-08,37.0,0.028,10615.1,,,False
L11283,2025-12-17,Open House,A109,Aditya Verma,Single Family,Downtown Core,747571.64,Showing Scheduled,False,,,,,Price too high,1.0,False
L11284,2025-01-12,Zillow,A106,Divya Kapoor,Single Family,Maple Grove,459499.19,Lead (Uncontacted),False,,,,,Never contacted,10.0,False
L11285,2025-02-07,Zillow,A106,Divya Kapoor,Single Family,Riverside Heights,623404.93,Contacted,False,,,,,Price too high,2.0,False
L11286,2025-09-06,Referral,A102,Ananya Iyer,Multi-Family,Maple Grove,604285.99,Contacted,False,,,,,Still in progress,14.0,False
L11287,2025-09-23,Social Media,A103,Karan Malhotra,Townhouse,Lakeview,319776.33,Contacted,False,,,,,Chose competitor,3.0,False
L11288,2025-04-20,Referral,A113,Rahul Chawla,Single Family,Oakridge,452755.46,Lead (Uncontacted),False,,,,,Never contacted,4.0,False
L11289,2025-07-17,Walk-in,A112,Pooja Reddy,Single Family,Downtown Core,515208.88,Contacted,False,,,,,Went cold / unresponsive,17.0,False
L11290,2025-01-28,Zillow,A111,Sameer Khan,Condo,Pinecrest,282407.87,Contacted,False,,,,,Went cold / unresponsive,0.0,False
L11291,2025-11-30,Website,A108,Neha Gupta,Condo,Riverside Heights,319417.19,Showing Completed,False,,,,,Price too high,3.0,False
L11292,2025-04-13,Zillow,A106,Divya Kapoor,Multi-Family,Riverside Heights,560206.08,Showing Completed,False,,,,,Went cold / unresponsive,2.0,False
L11293,2025-06-21,Walk-in,A100,Priya Sharma,Multi-Family,Sunset Hills,572654.96,Showing Completed,False,,,,,Still in progress,5.0,False
L11294,2025-03-30,Website,A110,Ishita Bose,Townhouse,Lakeview,361777.45,Contacted,False,,,,,Still in progress,26.0,True
L11295,2025-10-10,Website,A103,Karan Malhotra,Condo,Downtown Core,412619.87,Showing Completed,False,,,,,Price too high,1.0,False
L11296,2025-01-19,Open House,A107,Vikram Singh,Single Family,Harborview,619969.32,Lead (Uncontacted),False,,,,,Never contacted,36.0,True
L11297,2025-04-10,Referral,A113,Rahul Chawla,Multi-Family,Harborview,751954.34,Contacted,False,,,,,Price too high,3.0,False
L11298,2025-02-11,Social Media,A106,Divya Kapoor,Single Family,Pinecrest,454282.25,Lead (Uncontacted),False,,,,,Never contacted,2.0,False
L11299,2025-11-02,Social Media,A105,Arjun Nair,Single Family,Pinecrest,357544.18,Contacted,False,,,,,Went cold / unresponsive,21.0,False
L11300,2025-02-25,Website,A101,Rohan Mehta,Multi-Family,Sunset Hills,368483.94,Contacted,False,,,,,Went cold / unresponsive,22.0,True
L11301,2025-12-07,Referral,A102,Ananya Iyer,Condo,Downtown Core,408357.91,Showing Completed,False,,,,,Changed mind,2.0,False
L11302,2025-06-28,Open House,A113,Rahul Chawla,Single Family,Harborview,458154.07,Showing Completed,False,,,,,Went cold / unresponsive,1.0,False
L11303,2025-12-04,Social Media,A105,Arjun Nair,Condo,Oakridge,224889.01,Lead (Uncontacted),False,,,,,Never contacted,4.0,False
L11304,2025-01-23,Zillow,A113,Rahul Chawla,Single Family,Downtown Core,567392.62,Lead (Uncontacted),False,,,,,Never contacted,17.0,False
L11305,2025-05-12,Social Media,A100,Priya Sharma,Single Family,Lakeview,571247.34,Showing Completed,False,,,,,Price too high,23.0,True
L11306,2025-10-18,Referral,A110,Ishita Bose,Townhouse,Oakridge,178309.47,Showing Scheduled,False,,,,,Chose competitor,1.0,False
L11307,2025-08-21,Zillow,A110,Ishita Bose,Single Family,Riverside Heights,395609.25,Contacted,False,,,,,Went cold / unresponsive,20.0,False
L11308,2025-08-28,Walk-in,A109,Aditya Verma,Condo,Harborview,318589.48,Offer Made,False,,,,,Still in progress,7.0,False
L11309,2025-12-01,Website,A110,Ishita Bose,Single Family,Oakridge,365562.01,Closed,True,2026-02-13,74.0,0.028,10235.74,,,False
L11310,2025-06-25,Zillow,A107,Vikram Singh,Condo,Harborview,260987.45,Contacted,False,,,,,Chose competitor,5.0,False
L11311,2025-07-01,Open House,A100,Priya Sharma,Townhouse,Riverside Heights,401479.24,Contacted,False,,,,,Financing fell through,20.0,False
L11312,2025-12-12,Zillow,A104,Sneha Rao,Townhouse,Harborview,480421.6,Contacted,False,,,,,Financing fell through,3.0,False
L11313,2025-09-26,Social Media,A112,Pooja Reddy,Townhouse,Maple Grove,395489.68,Showing Completed,False,,,,,Chose competitor,15.0,False
L11314,2025-06-08,Zillow,A100,Priya Sharma,Townhouse,Sunset Hills,279760.08,Lead (Uncontacted),False,,,,,Never contacted,3.0,False
L11315,2025-08-13,Open House,A101,Rohan Mehta,Multi-Family,Oakridge,695296.92,Contacted,False,,,,,Went cold / unresponsive,3.0,False
L11316,2025-06-07,Social Media,A114,Tanvi Joshi,Condo,Sunset Hills,223791.57,Showing Completed,False,,,,,Went cold / unresponsive,3.0,False
L11317,2025-10-28,Referral,A106,Divya Kapoor,Townhouse,Harborview,419857.64,Contacted,False,,,,,Changed mind,46.0,True
L11318,2025-07-09,Walk-in,A102,Ananya Iyer,Single Family,Harborview,556443.84,Contacted,False,,,,,Price too high,24.0,True
L11319,2025-10-06,Walk-in,A102,Ananya Iyer,Townhouse,Maple Grove,367949.1,Contacted,False,,,,,Went cold / unresponsive,0.0,False
L11320,2025-04-08,Open House,A114,Tanvi Joshi,Condo,Harborview,338832.65,Offer Made,False,,,,,Chose competitor,17.0,False
L11321,2025-11-05,Referral,A106,Divya Kapoor,Single Family,Pinecrest,322616.79,Contacted,False,,,,,Went cold / unresponsive,6.0,False
L11322,2025-06-27,Referral,A108,Neha Gupta,Townhouse,Pinecrest,341927.86,Contacted,False,,,,,Still in progress,27.0,True
L11323,2025-10-18,Zillow,A108,Neha Gupta,Townhouse,Maple Grove,187480.41,Lead (Uncontacted),False,,,,,Never contacted,0.0,False
L11324,2025-12-07,Zillow,A104,Sneha Rao,Single Family,Riverside Heights,574638.95,Showing Completed,False,,,,,Went cold / unresponsive,20.0,False
L11325,2025-04-24,Social Media,A114,Tanvi Joshi,Condo,Sunset Hills,309678.74,Contacted,False,,,,,Price too high,33.0,True
L11326,2025-06-15,Zillow,A111,Sameer Khan,Single Family,Sunset Hills,374210.6,Contacted,False,,,,,Price too high,3.0,False
L11327,2025-01-04,Referral,A108,Neha Gupta,Single Family,Lakeview,315215.71,Contacted,False,,,,,Price too high,1.0,False
L11328,2025-07-06,Open House,A114,Tanvi Joshi,Single Family,Harborview,551812.05,Showing Completed,False,,,,,Price too high,11.0,False
L11329,2025-10-10,Social Media,A105,Arjun Nair,Condo,Harborview,318395.78,Offer Made,False,,,,,Chose competitor,1.0,False
L11330,2025-11-23,Zillow,A101,Rohan Mehta,Condo,Oakridge,247374.67,Showing Completed,False,,,,,Price too high,2.0,False
L11331,2025-07-16,Open House,A107,Vikram Singh,Condo,Downtown Core,387907.7,Showing Scheduled,False,,,,,Went cold / unresponsive,11.0,False
L11332,2025-07-24,Walk-in,A103,Karan Malhotra,Condo,Downtown Core,458111.71,Contacted,False,,,,,Financing fell through,0.0,False
L11333,2025-08-31,Zillow,A104,Sneha Rao,Condo,Sunset Hills,187751.04,Contacted,False,,,,,Price too high,2.0,False
L11334,2025-08-09,Social Media,A109,Aditya Verma,Single Family,Maple Grove,396007.16,Showing Scheduled,False,,,,,Went cold / unresponsive,11.0,False
L11335,2025-08-09,Website,A101,Rohan Mehta,Multi-Family,Pinecrest,473551.6,Contacted,False,,,,,Still in progress,7.0,False
L11336,2025-04-01,Zillow,A113,Rahul Chawla,Single Family,Harborview,550648.6,Contacted,False,,,,,Still in progress,6.0,False
L11337,2025-02-22,Website,A111,Sameer Khan,Townhouse,Oakridge,283700.52,Closed,True,2025-03-19,25.0,0.028,7943.61,,,False
L11338,2025-01-14,Referral,A100,Priya Sharma,Townhouse,Sunset Hills,354774.24,Contacted,False,,,,,Price too high,39.0,True
L11339,2025-03-18,Website,A102,Ananya Iyer,Condo,Riverside Heights,378391.97,Closed,True,2025-04-28,41.0,0.028,10594.98,,,False
L11340,2025-10-14,Social Media,A101,Rohan Mehta,Single Family,Pinecrest,404118.37,Contacted,False,,,,,Went cold / unresponsive,33.0,True
L11341,2025-03-30,Website,A101,Rohan Mehta,Single Family,Oakridge,335180.32,Showing Completed,False,,,,,Price too high,14.0,False
L11342,2025-05-26,Website,A114,Tanvi Joshi,Multi-Family,Downtown Core,769561.09,Closed,True,2025-07-20,55.0,0.028,21547.71,,,False
L11343,2025-12-09,Open House,A101,Rohan Mehta,Townhouse,Harborview,456540.16,Closed,True,2026-02-10,63.0,0.028,12783.12,,,False
L11344,2025-03-09,Referral,A108,Neha Gupta,Single Family,Lakeview,444895.88,Lead (Uncontacted),False,,,,,Never contacted,6.0,False
L11345,2025-07-14,Zillow,A110,Ishita Bose,Single Family,Downtown Core,542664.11,Showing Completed,False,,,,,Chose competitor,9.0,False
L11346,2025-10-24,Zillow,A114,Tanvi Joshi,Townhouse,Pinecrest,354871.02,Showing Scheduled,False,,,,,Price too high,33.0,True
L11347,2025-07-30,Referral,A112,Pooja Reddy,Single Family,Oakridge,426632.93,Contacted,False,,,,,Chose competitor,10.0,False
L11348,2025-11-14,Referral,A100,Priya Sharma,Single Family,Downtown Core,519143.24,Contacted,False,,,,,Went cold / unresponsive,3.0,False
L11349,2025-01-29,Zillow,A107,Vikram Singh,Single Family,Riverside Heights,522925.6,Contacted,False,,,,,Still in progress,1.0,False
L11350,2025-02-02,Social Media,A101,Rohan Mehta,Condo,Oakridge,304718.59,Showing Completed,False,,,,,Went cold / unresponsive,1.0,False
L11351,2025-04-26,Walk-in,A102,Ananya Iyer,Townhouse,Downtown Core,400471.03,Contacted,False,,,,,Chose competitor,2.0,False
L11352,2025-05-29,Zillow,A103,Karan Malhotra,Condo,Oakridge,216394.93,Contacted,False,,,,,Chose competitor,3.0,False
L11353,2025-01-24,Zillow,A109,Aditya Verma,Single Family,Riverside Heights,425015.67,Contacted,False,,,,,Went cold / unresponsive,2.0,False
L11354,2025-03-29,Website,A108,Neha Gupta,Single Family,Sunset Hills,464350.71,Showing Completed,False,,,,,Went cold / unresponsive,12.0,False
L11355,2025-08-28,Social Media,A106,Divya Kapoor,Single Family,Oakridge,360403.28,Showing Completed,False,,,,,Price too high,3.0,False
L11356,2025-07-01,Website,A102,Ananya Iyer,Single Family,Downtown Core,474482.1,Lead (Uncontacted),False,,,,,Never contacted,0.0,False
L11357,2025-11-18,Website,A100,Priya Sharma,Condo,Sunset Hills,300293.05,Showing Completed,False,,,,,Price too high,38.0,True
L11358,2025-11-24,Open House,A106,Divya Kapoor,Single Family,Oakridge,259134.95,Closed,True,2025-12-09,15.0,0.028,7255.78,,,False
L11359,2025-03-16,Referral,A112,Pooja Reddy,Townhouse,Sunset Hills,221114.68,Contacted,False,,,,,Price too high,36.0,True
L11360,2025-02-27,Zillow,A113,Rahul Chawla,Single Family,Downtown Core,867660.92,Contacted,False,,,,,Still in progress,21.0,False
L11361,2025-08-31,Website,A112,Pooja Reddy,Single Family,Pinecrest,308354.34,Offer Made,False,,,,,Price too high,4.0,False
L11362,2025-07-20,Walk-in,A100,Priya Sharma,Condo,Downtown Core,520936.29,Lead (Uncontacted),False,,,,,Never contacted,20.0,False
L11363,2025-05-18,Open House,A108,Neha Gupta,Single Family,Riverside Heights,521432.18,Showing Completed,False,,,,,Chose competitor,9.0,False
L11364,2025-05-06,Zillow,A100,Priya Sharma,Condo,Downtown Core,415794.48,Showing Completed,False,,,,,Went cold / unresponsive,8.0,False
L11365,2025-04-24,Zillow,A113,Rahul Chawla,Townhouse,Pinecrest,268088.54,Contacted,False,,,,,Still in progress,0.0,False
L11366,2025-05-27,Referral,A114,Tanvi Joshi,Single Family,Lakeview,357912.92,Closed,True,2025-08-08,73.0,0.028,10021.56,,,False
L11367,2025-02-08,Social Media,A106,Divya Kapoor,Condo,Downtown Core,398080.24,Closed,True,2025-03-29,49.0,0.028,11146.25,,,False
L11368,2025-09-23,Open House,A113,Rahul Chawla,Multi-Family,Downtown Core,725888.32,Contacted,False,,,,,Financing fell through,2.0,False
L11369,2025-10-08,Social Media,A112,Pooja Reddy,Single Family,Harborview,501588.06,Contacted,False,,,,,Financing fell through,7.0,False
L11370,2025-09-09,Social Media,A104,Sneha Rao,Single Family,Sunset Hills,535900.0,Contacted,False,,,,,Price too high,1.0,False
L11371,2025-05-30,Social Media,A107,Vikram Singh,Townhouse,Downtown Core,493130.21,Contacted,False,,,,,Went cold / unresponsive,11.0,False
L11372,2025-10-24,Zillow,A107,Vikram Singh,Townhouse,Maple Grove,210336.88,Contacted,False,,,,,Price too high,1.0,False
L11373,2025-04-09,Website,A110,Ishita Bose,Condo,Pinecrest,269101.94,Closed,True,2025-05-31,52.0,0.028,7534.85,,,False
L11374,2025-02-26,Open House,A107,Vikram Singh,Condo,Maple Grove,227308.09,Showing Completed,False,,,,,Price too high,2.0,False
L11375,2025-03-14,Open House,A103,Karan Malhotra,Single Family,Oakridge,387867.37,Showing Completed,False,,,,,Price too high,0.0,False
L11376,2025-03-12,Social Media,A101,Rohan Mehta,Single Family,Sunset Hills,410989.4,Lead (Uncontacted),False,,,,,Never contacted,21.0,False
L11377,2025-12-13,Zillow,A105,Arjun Nair,Single Family,Pinecrest,406644.47,Contacted,False,,,,,Financing fell through,21.0,False
L11378,2025-03-19,Walk-in,A111,Sameer Khan,Condo,Lakeview,267926.04,Contacted,False,,,,,Still in progress,12.0,False
L11379,2025-08-27,Website,A108,Neha Gupta,Townhouse,Lakeview,227542.06,Contacted,False,,,,,Went cold / unresponsive,15.0,False
L11380,2025-11-06,Referral,A100,Priya Sharma,Townhouse,Downtown Core,573468.04,Showing Completed,False,,,,,Financing fell through,30.0,True
L11381,2025-07-05,Social Media,A100,Priya Sharma,Single Family,Sunset Hills,450682.28,Contacted,False,,,,,Went cold / unresponsive,3.0,False
L11382,2025-06-25,Referral,A113,Rahul Chawla,Condo,Pinecrest,224446.78,Contacted,False,,,,,Went cold / unresponsive,4.0,False
L11383,2025-09-09,Open House,A100,Priya Sharma,Townhouse,Pinecrest,244535.25,Showing Completed,False,,,,,Price too high,14.0,False
L11384,2025-11-27,Referral,A100,Priya Sharma,Single Family,Riverside Heights,399316.38,Showing Completed,False,,,,,Financing fell through,8.0,False
L11385,2025-02-20,Walk-in,A109,Aditya Verma,Single Family,Harborview,587787.13,Showing Scheduled,False,,,,,Went cold / unresponsive,8.0,False
L11386,2025-08-08,Referral,A104,Sneha Rao,Condo,Maple Grove,329658.1,Closed,True,2025-09-13,36.0,0.028,9230.43,,,False
L11387,2025-01-31,Zillow,A104,Sneha Rao,Condo,Riverside Heights,433793.57,Showing Scheduled,False,,,,,Still in progress,2.0,False
L11388,2025-12-02,Walk-in,A106,Divya Kapoor,Single Family,Downtown Core,511721.52,Contacted,False,,,,,Price too high,1.0,False
L11389,2025-03-07,Zillow,A109,Aditya Verma,Single Family,Pinecrest,280721.56,Contacted,False,,,,,Price too high,91.0,True
L11390,2025-09-29,Zillow,A100,Priya Sharma,Townhouse,Maple Grove,240389.22,Showing Scheduled,False,,,,,Went cold / unresponsive,2.0,False
L11391,2025-10-28,Social Media,A114,Tanvi Joshi,Single Family,Sunset Hills,567416.71,Lead (Uncontacted),False,,,,,Never contacted,36.0,True
L11392,2025-08-12,Open House,A103,Karan Malhotra,Single Family,Maple Grove,410011.81,Showing Completed,False,,,,,Price too high,18.0,False
L11393,2025-12-13,Open House,A104,Sneha Rao,Townhouse,Harborview,380724.64,Closed,True,2026-01-15,33.0,0.028,10660.29,,,False
L11394,2025-09-02,Zillow,A110,Ishita Bose,Multi-Family,Pinecrest,496377.08,Contacted,False,,,,,Chose competitor,26.0,True
L11395,2025-04-24,Website,A113,Rahul Chawla,Townhouse,Riverside Heights,411876.3,Contacted,False,,,,,Chose competitor,1.0,False
L11396,2025-04-26,Social Media,A113,Rahul Chawla,Single Family,Sunset Hills,418485.94,Showing Scheduled,False,,,,,Financing fell through,7.0,False
L11397,2025-11-27,Social Media,A100,Priya Sharma,Condo,Riverside Heights,257413.56,Contacted,False,,,,,Chose competitor,20.0,False
L11398,2025-10-17,Zillow,A104,Sneha Rao,Condo,Sunset Hills,340584.47,Offer Made,False,,,,,Chose competitor,1.0,False
L11399,2025-02-13,Walk-in,A112,Pooja Reddy,Single Family,Maple Grove,392256.13,Offer Made,False,,,,,Price too high,6.0,False
L11400,2025-03-30,Walk-in,A106,Divya Kapoor,Single Family,Lakeview,366517.24,Showing Scheduled,False,,,,,Went cold / unresponsive,19.0,False
L11401,2025-10-01,Zillow,A104,Sneha Rao,Multi-Family,Harborview,842165.48,Offer Made,False,,,,,Chose competitor,40.0,True
L11402,2025-04-02,Referral,A108,Neha Gupta,Single Family,Lakeview,519542.23,Contacted,False,,,,,Chose competitor,1.0,False
L11403,2025-12-06,Zillow,A102,Ananya Iyer,Single Family,Riverside Heights,539054.28,Offer Made,False,,,,,Price too high,33.0,True
L11404,2025-11-04,Website,A107,Vikram Singh,Single Family,Downtown Core,738900.47,Showing Completed,False,,,,,Financing fell through,22.0,True
L11405,2025-09-15,Zillow,A105,Arjun Nair,Townhouse,Oakridge,344219.71,Showing Completed,False,,,,,Price too high,21.0,False
L11406,2025-01-23,Walk-in,A102,Ananya Iyer,Condo,Sunset Hills,197175.52,Contacted,False,,,,,Went cold / unresponsive,7.0,False
L11407,2025-07-19,Walk-in,A110,Ishita Bose,Condo,Maple Grove,270018.69,Closed,True,2025-09-13,56.0,0.028,7560.52,,,False
L11408,2025-01-15,Website,A100,Priya Sharma,Single Family,Pinecrest,358672.02,Lead (Uncontacted),False,,,,,Never contacted,18.0,False
L11409,2025-12-02,Walk-in,A104,Sneha Rao,Condo,Sunset Hills,220586.33,Lead (Uncontacted),False,,,,,Never contacted,19.0,False
L11410,2025-08-27,Referral,A112,Pooja Reddy,Single Family,Oakridge,335151.43,Showing Completed,False,,,,,Financing fell through,20.0,False
L11411,2025-06-20,Zillow,A100,Priya Sharma,Townhouse,Harborview,499955.01,Contacted,False,,,,,Went cold / unresponsive,31.0,True
L11412,2025-05-13,Referral,A105,Arjun Nair,Townhouse,Pinecrest,311507.09,Closed,True,2025-07-31,79.0,0.028,8722.2,,,False
L11413,2025-07-22,Social Media,A107,Vikram Singh,Condo,Riverside Heights,431643.46,Offer Made,False,,,,,Chose competitor,7.0,False
L11414,2025-01-29,Referral,A113,Rahul Chawla,Townhouse,Maple Grove,296662.89,Showing Completed,False,,,,,Still in progress,8.0,False
L11415,2025-10-17,Zillow,A113,Rahul Chawla,Multi-Family,Oakridge,587854.89,Showing Completed,False,,,,,Price too high,0.0,False
L11416,2025-05-18,Social Media,A112,Pooja Reddy,Single Family,Riverside Heights,641810.7,Offer Made,False,,,,,Price too high,47.0,True
L11417,2025-11-22,Open House,A102,Ananya Iyer,Condo,Lakeview,236540.36,Contacted,False,,,,,Went cold / unresponsive,6.0,False
L11418,2025-05-21,Open House,A109,Aditya Verma,Single Family,Downtown Core,687772.55,Contacted,False,,,,,Financing fell through,2.0,False
L11419,2025-08-05,Zillow,A113,Rahul Chawla,Single Family,Lakeview,448706.22,Showing Completed,False,,,,,Still in progress,22.0,True
L11420,2025-05-18,Social Media,A112,Pooja Reddy,Condo,Downtown Core,448175.75,Offer Made,False,,,,,Financing fell through,2.0,False
L11421,2025-01-23,Zillow,A103,Karan Malhotra,Multi-Family,Harborview,708459.69,Lead (Uncontacted),False,,,,,Never contacted,2.0,False
L11422,2025-09-20,Referral,A109,Aditya Verma,Townhouse,Lakeview,380827.79,Contacted,False,,,,,Changed mind,2.0,False
L11423,2025-05-21,Zillow,A107,Vikram Singh,Single Family,Harborview,471925.61,Offer Made,False,,,,,Chose competitor,0.0,False
L11424,2025-05-30,Open House,A104,Sneha Rao,Single Family,Lakeview,273356.99,Contacted,False,,,,,Financing fell through,7.0,False
L11425,2025-03-16,Walk-in,A106,Divya Kapoor,Townhouse,Sunset Hills,176806.13,Lead (Uncontacted),False,,,,,Never contacted,13.0,False
L11426,2025-08-13,Zillow,A112,Pooja Reddy,Condo,Harborview,392095.71,Showing Scheduled,False,,,,,Went cold / unresponsive,5.0,False
L11427,2025-01-22,Walk-in,A110,Ishita Bose,Townhouse,Riverside Heights,313612.44,Contacted,False,,,,,Chose competitor,5.0,False
L11428,2025-05-26,Social Media,A103,Karan Malhotra,Single Family,Oakridge,380843.91,Contacted,False,,,,,Went cold / unresponsive,3.0,False
L11429,2025-09-06,Walk-in,A100,Priya Sharma,Condo,Maple Grove,230809.39,Contacted,False,,,,,Price too high,17.0,False
L11430,2025-09-17,Zillow,A100,Priya Sharma,Townhouse,Riverside Heights,386738.32,Contacted,False,,,,,Financing fell through,0.0,False
L11431,2025-09-22,Social Media,A104,Sneha Rao,Single Family,Harborview,598287.16,Showing Completed,False,,,,,Price too high,4.0,False
L11432,2025-04-10,Zillow,A108,Neha Gupta,Multi-Family,Lakeview,603956.59,Contacted,False,,,,,Price too high,3.0,False
L11433,2025-12-06,Zillow,A104,Sneha Rao,Condo,Sunset Hills,274150.03,Lead (Uncontacted),False,,,,,Never contacted,3.0,False
L11434,2025-11-13,Social Media,A104,Sneha Rao,Townhouse,Riverside Heights,379149.29,Contacted,False,,,,,Went cold / unresponsive,8.0,False
L11435,2025-07-21,Referral,A103,Karan Malhotra,Condo,Oakridge,290925.9,Closed,True,2025-08-06,16.0,0.028,8145.93,,,False
L11436,2025-11-05,Referral,A113,Rahul Chawla,Townhouse,Oakridge,326824.91,Contacted,False,,,,,Financing fell through,2.0,False
L11437,2025-03-10,Referral,A104,Sneha Rao,Single Family,Harborview,548275.84,Closed,True,2025-05-06,57.0,0.028,15351.72,,,False
L11438,2025-03-19,Zillow,A108,Neha Gupta,Townhouse,Oakridge,302011.49,Showing Completed,False,,,,,Went cold / unresponsive,1.0,False
L11439,2025-05-29,Zillow,A112,Pooja Reddy,Condo,Maple Grove,251880.7,Contacted,False,,,,,Went cold / unresponsive,13.0,False
L11440,2025-08-27,Zillow,A112,Pooja Reddy,Condo,Lakeview,344048.83,Showing Completed,False,,,,,Went cold / unresponsive,18.0,False
L11441,2025-08-13,Referral,A104,Sneha Rao,Townhouse,Harborview,363932.07,Closed,True,2025-09-10,28.0,0.028,10190.1,,,False
L11442,2025-03-28,Social Media,A102,Ananya Iyer,Multi-Family,Sunset Hills,527112.24,Showing Completed,False,,,,,Chose competitor,0.0,False
L11443,2025-06-10,Referral,A114,Tanvi Joshi,Condo,Lakeview,332388.32,Showing Scheduled,False,,,,,Price too high,14.0,False
L11444,2025-07-15,Referral,A112,Pooja Reddy,Single Family,Sunset Hills,501291.1,Showing Completed,False,,,,,Price too high,25.0,True
L11445,2025-08-05,Website,A111,Sameer Khan,Single Family,Harborview,603431.24,Showing Completed,False,,,,,Still in progress,14.0,False
L11446,2025-03-09,Referral,A113,Rahul Chawla,Condo,Maple Grove,219972.22,Contacted,False,,,,,Chose competitor,5.0,False
L11447,2025-06-09,Referral,A102,Ananya Iyer,Single Family,Oakridge,391836.19,Contacted,False,,,,,Price too high,29.0,True
L11448,2025-05-18,Social Media,A103,Karan Malhotra,Condo,Harborview,327889.8,Offer Made,False,,,,,Went cold / unresponsive,6.0,False
L11449,2025-11-19,Zillow,A101,Rohan Mehta,Single Family,Maple Grove,323879.33,Showing Completed,False,,,,,Financing fell through,5.0,False
L11450,2025-05-13,Website,A107,Vikram Singh,Single Family,Harborview,561025.96,Offer Made,False,,,,,Went cold / unresponsive,20.0,False
L11451,2025-07-28,Social Media,A100,Priya Sharma,Single Family,Lakeview,308348.09,Lead (Uncontacted),False,,,,,Never contacted,0.0,False
L11452,2025-09-22,Open House,A112,Pooja Reddy,Condo,Maple Grove,361117.17,Showing Completed,False,,,,,Went cold / unresponsive,2.0,False
L11453,2025-12-19,Open House,A109,Aditya Verma,Condo,Pinecrest,297337.59,Lead (Uncontacted),False,,,,,Never contacted,24.0,True
L11454,2025-04-21,Referral,A110,Ishita Bose,Single Family,Oakridge,413122.22,Showing Scheduled,False,,,,,Went cold / unresponsive,39.0,True
L11455,2025-02-06,Website,A106,Divya Kapoor,Condo,Harborview,353307.1,Contacted,False,,,,,Changed mind,2.0,False
L11456,2025-07-02,Zillow,A109,Aditya Verma,Single Family,Riverside Heights,471303.13,Showing Completed,False,,,,,Financing fell through,6.0,False
L11457,2025-08-31,Open House,A102,Ananya Iyer,Single Family,Lakeview,437239.36,Offer Made,False,,,,,Went cold / unresponsive,3.0,False
L11458,2025-01-25,Open House,A107,Vikram Singh,Single Family,Harborview,641561.66,Contacted,False,,,,,Went cold / unresponsive,0.0,False
L11459,2025-09-24,Website,A106,Divya Kapoor,Condo,Pinecrest,264826.2,Showing Completed,False,,,,,Still in progress,2.0,False
L11460,2025-06-08,Zillow,A109,Aditya Verma,Condo,Pinecrest,189048.78,Showing Completed,False,,,,,Price too high,7.0,False
L11461,2025-11-16,Referral,A113,Rahul Chawla,Single Family,Riverside Heights,528951.93,Offer Made,False,,,,,Went cold / unresponsive,5.0,False
L11462,2025-03-19,Social Media,A106,Divya Kapoor,Multi-Family,Lakeview,538731.5,Contacted,False,,,,,Still in progress,2.0,False
L11463,2025-10-16,Website,A113,Rahul Chawla,Condo,Lakeview,384767.92,Lead (Uncontacted),False,,,,,Never contacted,1.0,False
L11464,2025-04-17,Referral,A111,Sameer Khan,Single Family,Riverside Heights,486371.25,Offer Made,False,,,,,Went cold / unresponsive,25.0,True
L11465,2025-03-25,Walk-in,A102,Ananya Iyer,Townhouse,Downtown Core,492734.92,Contacted,False,,,,,Chose competitor,1.0,False
L11466,2025-01-20,Referral,A110,Ishita Bose,Townhouse,Sunset Hills,273327.4,Closed,True,2025-04-01,71.0,0.028,7653.17,,,False
L11467,2025-04-17,Zillow,A114,Tanvi Joshi,Multi-Family,Pinecrest,406887.12,Contacted,False,,,,,Price too high,13.0,False
L11468,2025-01-04,Zillow,A106,Divya Kapoor,Multi-Family,Harborview,861337.32,Contacted,False,,,,,Chose competitor,11.0,False
L11469,2025-06-02,Referral,A114,Tanvi Joshi,Single Family,Downtown Core,558255.11,Contacted,False,,,,,Changed mind,20.0,False
L11470,2025-03-30,Referral,A108,Neha Gupta,Single Family,Maple Grove,423901.72,Contacted,False,,,,,Went cold / unresponsive,15.0,False
L11471,2025-08-29,Website,A100,Priya Sharma,Townhouse,Maple Grove,303405.29,Contacted,False,,,,,Price too high,37.0,True
L11472,2025-07-13,Zillow,A100,Priya Sharma,Multi-Family,Riverside Heights,691058.83,Closed,True,2025-09-08,57.0,0.028,19349.65,,,False
L11473,2025-07-12,Website,A105,Arjun Nair,Single Family,Downtown Core,616621.85,Contacted,False,,,,,Price too high,11.0,False
L11474,2025-03-15,Social Media,A107,Vikram Singh,Single Family,Pinecrest,395490.16,Contacted,False,,,,,Financing fell through,11.0,False
L11475,2025-08-26,Website,A114,Tanvi Joshi,Townhouse,Riverside Heights,413534.33,Showing Completed,False,,,,,Chose competitor,18.0,False
L11476,2025-11-19,Website,A105,Arjun Nair,Single Family,Maple Grove,478884.84,Contacted,False,,,,,Went cold / unresponsive,25.0,True
L11477,2025-12-26,Website,A108,Neha Gupta,Multi-Family,Riverside Heights,604342.87,Contacted,False,,,,,Went cold / unresponsive,3.0,False
L11478,2025-03-15,Referral,A108,Neha Gupta,Single Family,Downtown Core,518970.59,Showing Completed,False,,,,,Price too high,18.0,False
L11479,2025-06-15,Referral,A113,Rahul Chawla,Single Family,Pinecrest,359374.38,Contacted,False,,,,,Went cold / unresponsive,21.0,False
L11480,2025-02-05,Open House,A110,Ishita Bose,Townhouse,Pinecrest,322616.16,Showing Completed,False,,,,,Went cold / unresponsive,5.0,False
L11481,2025-03-08,Referral,A109,Aditya Verma,Single Family,Lakeview,528679.29,Showing Scheduled,False,,,,,Chose competitor,4.0,False
L11482,2025-11-04,Zillow,A114,Tanvi Joshi,Townhouse,Sunset Hills,248489.72,Contacted,False,,,,,Went cold / unresponsive,17.0,False
L11483,2025-06-09,Referral,A104,Sneha Rao,Multi-Family,Downtown Core,521534.74,Lead (Uncontacted),False,,,,,Never contacted,6.0,False
L11484,2025-11-24,Website,A102,Ananya Iyer,Townhouse,Maple Grove,272325.73,Contacted,False,,,,,Went cold / unresponsive,1.0,False
L11485,2025-09-29,Walk-in,A105,Arjun Nair,Single Family,Pinecrest,467292.25,Showing Completed,False,,,,,Price too high,7.0,False
L11486,2025-01-13,Referral,A110,Ishita Bose,Condo,Downtown Core,290363.6,Showing Completed,False,,,,,Went cold / unresponsive,12.0,False
L11487,2025-09-26,Walk-in,A112,Pooja Reddy,Single Family,Pinecrest,383394.91,Offer Made,False,,,,,Financing fell through,0.0,False
L11488,2025-03-08,Referral,A112,Pooja Reddy,Multi-Family,Riverside Heights,803871.65,Lead (Uncontacted),False,,,,,Never contacted,10.0,False
L11489,2025-03-29,Walk-in,A110,Ishita Bose,Single Family,Sunset Hills,451717.09,Contacted,False,,,,,Went cold / unresponsive,6.0,False
L11490,2025-02-19,Referral,A100,Priya Sharma,Single Family,Lakeview,489261.5,Lead (Uncontacted),False,,,,,Never contacted,16.0,False
L11491,2025-03-04,Website,A100,Priya Sharma,Multi-Family,Riverside Heights,736182.27,Contacted,False,,,,,Still in progress,26.0,True
L11492,2025-10-19,Walk-in,A106,Divya Kapoor,Single Family,Harborview,510949.57,Contacted,False,,,,,Changed mind,3.0,False
L11493,2025-09-22,Website,A108,Neha Gupta,Condo,Pinecrest,289017.44,Contacted,False,,,,,Chose competitor,1.0,False
L11494,2025-03-06,Zillow,A110,Ishita Bose,Multi-Family,Maple Grove,644646.71,Showing Completed,False,,,,,Went cold / unresponsive,2.0,False
L11495,2025-09-17,Open House,A107,Vikram Singh,Single Family,Riverside Heights,441336.65,Contacted,False,,,,,Went cold / unresponsive,13.0,False
L11496,2025-06-11,Referral,A113,Rahul Chawla,Single Family,Oakridge,307350.35,Lead (Uncontacted),False,,,,,Never contacted,1.0,False
L11497,2025-08-17,Zillow,A100,Priya Sharma,Condo,Maple Grove,259316.19,Contacted,False,,,,,Changed mind,7.0,False
L11498,2025-09-08,Zillow,A101,Rohan Mehta,Single Family,Lakeview,512461.07,Showing Completed,False,,,,,Financing fell through,1.0,False
L11499,2025-05-21,Open House,A108,Neha Gupta,Condo,Maple Grove,276871.78,Offer Made,False,,,,,Financing fell through,43.0,True
L11500,2025-03-11,Website,A109,Aditya Verma,Condo,Oakridge,234691.82,Lead (Uncontacted),False,,,,,Never contacted,7.0,False
L11501,2025-08-15,Zillow,A106,Divya Kapoor,Single Family,Riverside Heights,635444.3,Showing Completed,False,,,,,Still in progress,1.0,False
L11502,2025-09-27,Zillow,A106,Divya Kapoor,Multi-Family,Oakridge,454982.05,Closed,True,2025-10-25,28.0,0.028,12739.5,,,False
L11503,2025-07-29,Zillow,A107,Vikram Singh,Condo,Riverside Heights,388181.16,Offer Made,False,,,,,Still in progress,2.0,False
L11504,2025-06-22,Open House,A100,Priya Sharma,Multi-Family,Lakeview,543183.95,Contacted,False,,,,,Went cold / unresponsive,5.0,False
L11505,2025-01-10,Social Media,A107,Vikram Singh,Single Family,Riverside Heights,396901.29,Contacted,False,,,,,Chose competitor,5.0,False
L11506,2025-11-18,Website,A107,Vikram Singh,Single Family,Pinecrest,429025.81,Showing Completed,False,,,,,Price too high,42.0,True
L11507,2025-02-10,Zillow,A108,Neha Gupta,Single Family,Harborview,380213.73,Contacted,False,,,,,Went cold / unresponsive,3.0,False
L11508,2025-02-24,Website,A104,Sneha Rao,Condo,Harborview,393821.19,Offer Made,False,,,,,Financing fell through,27.0,True
L11509,2025-07-16,Referral,A113,Rahul Chawla,Single Family,Downtown Core,693706.48,Showing Completed,False,,,,,Went cold / unresponsive,0.0,False
L11510,2025-04-17,Website,A102,Ananya Iyer,Multi-Family,Downtown Core,710300.47,Offer Made,False,,,,,Went cold / unresponsive,15.0,False
L11511,2025-12-23,Social Media,A105,Arjun Nair,Condo,Pinecrest,244772.86,Contacted,False,,,,,Chose competitor,5.0,False
L11512,2025-01-27,Zillow,A110,Ishita Bose,Multi-Family,Harborview,857216.15,Offer Made,False,,,,,Still in progress,3.0,False
L11513,2025-07-07,Zillow,A113,Rahul Chawla,Townhouse,Riverside Heights,545379.87,Offer Made,False,,,,,Went cold / unresponsive,0.0,False
L11514,2025-02-23,Referral,A102,Ananya Iyer,Condo,Sunset Hills,264429.95,Showing Completed,False,,,,,Changed mind,10.0,False
L11515,2025-01-29,Social Media,A109,Aditya Verma,Single Family,Harborview,707293.07,Contacted,False,,,,,Chose competitor,4.0,False
L11516,2025-03-28,Website,A106,Divya Kapoor,Single Family,Harborview,424880.42,Showing Completed,False,,,,,Price too high,2.0,False
L11517,2025-05-28,Zillow,A112,Pooja Reddy,Single Family,Oakridge,305395.13,Closed,True,2025-07-05,38.0,0.028,8551.06,,,False
L11518,2025-08-02,Referral,A109,Aditya Verma,Townhouse,Riverside Heights,403034.57,Showing Scheduled,False,,,,,Chose competitor,2.0,False
L11519,2025-02-23,Zillow,A109,Aditya Verma,Townhouse,Pinecrest,293838.93,Contacted,False,,,,,Price too high,1.0,False
L11520,2025-02-06,Social Media,A107,Vikram Singh,Single Family,Pinecrest,350409.55,Contacted,False,,,,,Chose competitor,6.0,False
L11521,2025-08-21,Walk-in,A100,Priya Sharma,Single Family,Oakridge,286987.87,Contacted,False,,,,,Went cold / unresponsive,1.0,False
L11522,2025-04-15,Zillow,A102,Ananya Iyer,Condo,Pinecrest,186927.41,Lead (Uncontacted),False,,,,,Never contacted,2.0,False
L11523,2025-06-28,Open House,A112,Pooja Reddy,Condo,Lakeview,333771.77,Lead (Uncontacted),False,,,,,Never contacted,8.0,False
L11524,2025-04-24,Open House,A108,Neha Gupta,Single Family,Lakeview,446632.55,Lead (Uncontacted),False,,,,,Never contacted,20.0,False
L11525,2025-01-12,Zillow,A104,Sneha Rao,Single Family,Lakeview,490106.75,Lead (Uncontacted),False,,,,,Never contacted,1.0,False
L11526,2025-12-25,Referral,A100,Priya Sharma,Single Family,Riverside Heights,492432.59,Closed,True,2026-02-10,47.0,0.028,13788.11,,,False
L11527,2025-08-27,Social Media,A100,Priya Sharma,Condo,Sunset Hills,170100.44,Showing Completed,False,,,,,Still in progress,0.0,False
L11528,2025-09-10,Referral,A104,Sneha Rao,Single Family,Lakeview,446733.1,Contacted,False,,,,,Price too high,2.0,False
L11529,2025-06-13,Open House,A113,Rahul Chawla,Townhouse,Lakeview,531502.15,Contacted,False,,,,,Financing fell through,3.0,False
L11530,2025-01-29,Website,A112,Pooja Reddy,Townhouse,Harborview,543622.1,Showing Scheduled,False,,,,,Chose competitor,4.0,False
L11531,2025-05-25,Referral,A104,Sneha Rao,Townhouse,Downtown Core,298358.77,Closed,True,2025-07-06,42.0,0.028,8354.05,,,False
L11532,2025-04-24,Open House,A108,Neha Gupta,Single Family,Harborview,646072.45,Showing Completed,False,,,,,Went cold / unresponsive,29.0,True
L11533,2025-04-04,Referral,A104,Sneha Rao,Single Family,Riverside Heights,470983.57,Closed,True,2025-06-13,70.0,0.028,13187.54,,,False
L11534,2025-01-23,Website,A103,Karan Malhotra,Condo,Maple Grove,266958.26,Lead (Uncontacted),False,,,,,Never contacted,3.0,False
L11535,2025-10-21,Zillow,A100,Priya Sharma,Condo,Riverside Heights,397479.59,Showing Scheduled,False,,,,,Went cold / unresponsive,8.0,False
L11536,2025-02-16,Open House,A103,Karan Malhotra,Townhouse,Oakridge,410656.62,Contacted,False,,,,,Still in progress,1.0,False
L11537,2025-05-11,Website,A108,Neha Gupta,Townhouse,Pinecrest,343964.97,Lead (Uncontacted),False,,,,,Never contacted,32.0,True
L11538,2025-10-30,Open House,A110,Ishita Bose,Condo,Pinecrest,245223.48,Showing Scheduled,False,,,,,Went cold / unresponsive,11.0,False
L11539,2025-03-02,Open House,A106,Divya Kapoor,Single Family,Riverside Heights,381455.96,Contacted,False,,,,,Price too high,17.0,False
L11540,2025-09-04,Referral,A106,Divya Kapoor,Condo,Sunset Hills,281206.9,Showing Scheduled,False,,,,,Financing fell through,2.0,False
L11541,2025-10-17,Social Media,A106,Divya Kapoor,Townhouse,Riverside Heights,531102.43,Contacted,False,,,,,Went cold / unresponsive,4.0,False
L11542,2025-01-11,Referral,A113,Rahul Chawla,Single Family,Sunset Hills,485948.31,Contacted,False,,,,,Went cold / unresponsive,7.0,False
L11543,2025-11-12,Website,A110,Ishita Bose,Townhouse,Downtown Core,397743.33,Lead (Uncontacted),False,,,,,Never contacted,5.0,False
L11544,2025-02-10,Referral,A105,Arjun Nair,Single Family,Maple Grove,394088.25,Closed,True,2025-04-03,52.0,0.028,11034.47,,,False
L11545,2025-11-11,Open House,A108,Neha Gupta,Multi-Family,Maple Grove,501067.33,Showing Scheduled,False,,,,,Chose competitor,1.0,False
L11546,2025-04-11,Referral,A113,Rahul Chawla,Multi-Family,Pinecrest,579345.49,Showing Completed,False,,,,,Changed mind,17.0,False
L11547,2025-07-06,Social Media,A107,Vikram Singh,Single Family,Downtown Core,608422.55,Contacted,False,,,,,Went cold / unresponsive,8.0,False
L11548,2025-01-30,Referral,A108,Neha Gupta,Single Family,Oakridge,383068.0,Contacted,False,,,,,Price too high,1.0,False
L11549,2025-11-14,Zillow,A103,Karan Malhotra,Single Family,Harborview,339396.81,Lead (Uncontacted),False,,,,,Never contacted,4.0,False
L11550,2025-08-11,Open House,A103,Karan Malhotra,Townhouse,Riverside Heights,250276.97,Showing Completed,False,,,,,Still in progress,4.0,False
L11551,2025-10-26,Social Media,A106,Divya Kapoor,Townhouse,Downtown Core,405858.38,Contacted,False,,,,,Still in progress,1.0,False
L11552,2025-12-18,Zillow,A102,Ananya Iyer,Townhouse,Maple Grove,315872.55,Contacted,False,,,,,Went cold / unresponsive,4.0,False
L11553,2025-02-12,Social Media,A114,Tanvi Joshi,Condo,Maple Grove,275646.03,Showing Completed,False,,,,,Went cold / unresponsive,10.0,False
L11554,2025-03-14,Zillow,A102,Ananya Iyer,Single Family,Downtown Core,654826.53,Showing Completed,False,,,,,Went cold / unresponsive,3.0,False
L11555,2025-08-16,Open House,A103,Karan Malhotra,Townhouse,Lakeview,412743.25,Lead (Uncontacted),False,,,,,Never contacted,2.0,False
L11556,2025-03-11,Referral,A106,Divya Kapoor,Single Family,Sunset Hills,294259.47,Contacted,False,,,,,Chose competitor,1.0,False
L11557,2025-11-27,Zillow,A112,Pooja Reddy,Single Family,Oakridge,473756.94,Contacted,False,,,,,Went cold / unresponsive,14.0,False
L11558,2025-10-23,Open House,A114,Tanvi Joshi,Multi-Family,Maple Grove,562934.47,Lead (Uncontacted),False,,,,,Never contacted,3.0,False
L11559,2025-11-15,Website,A104,Sneha Rao,Multi-Family,Riverside Heights,755102.38,Showing Completed,False,,,,,Went cold / unresponsive,9.0,False
L11560,2025-08-14,Website,A102,Ananya Iyer,Single Family,Oakridge,338658.86,Showing Scheduled,False,,,,,Went cold / unresponsive,33.0,True
L11561,2025-10-19,Website,A104,Sneha Rao,Townhouse,Riverside Heights,351462.81,Contacted,False,,,,,Went cold / unresponsive,9.0,False
L11562,2025-01-15,Open House,A102,Ananya Iyer,Condo,Sunset Hills,286822.14,Contacted,False,,,,,Price too high,4.0,False
L11563,2025-11-25,Zillow,A101,Rohan Mehta,Single Family,Riverside Heights,412643.63,Showing Completed,False,,,,,Went cold / unresponsive,2.0,False
L11564,2025-06-14,Walk-in,A114,Tanvi Joshi,Condo,Harborview,288511.79,Showing Completed,False,,,,,Went cold / unresponsive,15.0,False
L11565,2025-04-21,Referral,A102,Ananya Iyer,Condo,Harborview,504067.67,Contacted,False,,,,,Financing fell through,1.0,False
L11566,2025-03-16,Website,A114,Tanvi Joshi,Condo,Lakeview,360717.19,Showing Completed,False,,,,,Still in progress,2.0,False
L11567,2025-08-10,Zillow,A103,Karan Malhotra,Multi-Family,Downtown Core,636398.79,Showing Completed,False,,,,,Went cold / unresponsive,3.0,False
L11568,2025-06-05,Referral,A105,Arjun Nair,Single Family,Pinecrest,454069.77,Showing Completed,False,,,,,Chose competitor,0.0,False
L11569,2025-10-06,Zillow,A100,Priya Sharma,Multi-Family,Maple Grove,555274.15,Showing Scheduled,False,,,,,Went cold / unresponsive,0.0,False
L11570,2025-03-09,Open House,A108,Neha Gupta,Multi-Family,Oakridge,490016.32,Closed,True,2025-05-06,58.0,0.028,13720.46,,,False
L11571,2025-02-21,Website,A104,Sneha Rao,Condo,Maple Grove,305948.21,Showing Completed,False,,,,,Went cold / unresponsive,22.0,True
L11572,2025-12-24,Zillow,A104,Sneha Rao,Multi-Family,Maple Grove,359098.78,Showing Scheduled,False,,,,,Chose competitor,0.0,False
L11573,2025-02-04,Zillow,A109,Aditya Verma,Single Family,Sunset Hills,495672.92,Offer Made,False,,,,,Price too high,2.0,False
L11574,2025-06-21,Referral,A106,Divya Kapoor,Condo,Oakridge,194843.65,Showing Scheduled,False,,,,,Chose competitor,0.0,False
L11575,2025-02-11,Website,A104,Sneha Rao,Single Family,Pinecrest,365120.9,Closed,True,2025-04-03,51.0,0.028,10223.39,,,False
L11576,2025-01-22,Referral,A113,Rahul Chawla,Condo,Lakeview,305878.79,Showing Scheduled,False,,,,,Still in progress,2.0,False
L11577,2025-09-24,Referral,A107,Vikram Singh,Multi-Family,Harborview,620295.06,Showing Completed,False,,,,,Went cold / unresponsive,5.0,False
L11578,2025-07-29,Website,A113,Rahul Chawla,Condo,Lakeview,251965.65,Contacted,False,,,,,Chose competitor,0.0,False
L11579,2025-08-08,Zillow,A112,Pooja Reddy,Single Family,Oakridge,413572.92,Showing Scheduled,False,,,,,Went cold / unresponsive,25.0,True
L11580,2025-07-21,Open House,A104,Sneha Rao,Single Family,Maple Grove,443528.76,Closed,True,2025-08-28,38.0,0.028,12418.81,,,False
L11581,2025-04-10,Walk-in,A105,Arjun Nair,Condo,Harborview,298493.48,Showing Scheduled,False,,,,,Went cold / unresponsive,3.0,False
L11582,2025-08-19,Referral,A102,Ananya Iyer,Townhouse,Harborview,483752.5,Showing Completed,False,,,,,Chose competitor,4.0,False
L11583,2025-08-31,Zillow,A104,Sneha Rao,Single Family,Maple Grove,335906.22,Closed,True,2025-11-02,63.0,0.028,9405.37,,,False
L11584,2025-12-13,Referral,A106,Divya Kapoor,Single Family,Harborview,492507.35,Lead (Uncontacted),False,,,,,Never contacted,7.0,False
L11585,2025-01-25,Social Media,A104,Sneha Rao,Single Family,Pinecrest,370530.93,Closed,True,2025-03-14,48.0,0.028,10374.87,,,False
L11586,2025-01-04,Social Media,A104,Sneha Rao,Townhouse,Lakeview,325592.57,Closed,True,2025-02-17,44.0,0.028,9116.59,,,False
L11587,2025-07-17,Social Media,A106,Divya Kapoor,Condo,Pinecrest,352159.25,Lead (Uncontacted),False,,,,,Never contacted,12.0,False
L11588,2025-03-12,Referral,A102,Ananya Iyer,Townhouse,Downtown Core,428322.74,Contacted,False,,,,,Went cold / unresponsive,8.0,False
L11589,2025-09-03,Social Media,A113,Rahul Chawla,Townhouse,Lakeview,276283.8,Contacted,False,,,,,Price too high,36.0,True
L11590,2025-06-16,Zillow,A105,Arjun Nair,Single Family,Oakridge,423612.33,Showing Scheduled,False,,,,,Chose competitor,7.0,False
L11591,2025-05-13,Walk-in,A107,Vikram Singh,Single Family,Sunset Hills,391796.76,Offer Made,False,,,,,Price too high,20.0,False
L11592,2025-02-15,Referral,A100,Priya Sharma,Condo,Riverside Heights,281636.08,Contacted,False,,,,,Price too high,5.0,False
L11593,2025-08-14,Social Media,A110,Ishita Bose,Multi-Family,Maple Grove,487501.58,Contacted,False,,,,,Price too high,7.0,False
L11594,2025-08-29,Open House,A112,Pooja Reddy,Single Family,Oakridge,375512.7,Contacted,False,,,,,Price too high,3.0,False
L11595,2025-07-03,Referral,A105,Arjun Nair,Single Family,Oakridge,511891.29,Contacted,False,,,,,Went cold / unresponsive,14.0,False
L11596,2025-03-21,Zillow,A110,Ishita Bose,Condo,Downtown Core,441911.53,Contacted,False,,,,,Chose competitor,2.0,False
L11597,2025-02-14,Zillow,A113,Rahul Chawla,Condo,Riverside Heights,233350.03,Contacted,False,,,,,Went cold / unresponsive,2.0,False
L11598,2025-02-09,Walk-in,A103,Karan Malhotra,Single Family,Downtown Core,698729.31,Showing Completed,False,,,,,Chose competitor,5.0,False
L11599,2025-04-07,Open House,A105,Arjun Nair,Single Family,Oakridge,379474.79,Contacted,False,,,,,Still in progress,12.0,False
L11600,2025-12-03,Social Media,A102,Ananya Iyer,Condo,Riverside Heights,194348.21,Contacted,False,,,,,Chose competitor,1.0,False
L11601,2025-03-07,Open House,A113,Rahul Chawla,Multi-Family,Pinecrest,559330.96,Offer Made,False,,,,,Price too high,14.0,False
L11602,2025-02-03,Walk-in,A109,Aditya Verma,Townhouse,Harborview,430504.55,Contacted,False,,,,,Went cold / unresponsive,4.0,False
L11603,2025-01-23,Website,A104,Sneha Rao,Multi-Family,Pinecrest,627938.38,Offer Made,False,,,,,Went cold / unresponsive,0.0,False
L11604,2025-04-17,Social Media,A104,Sneha Rao,Single Family,Downtown Core,615081.65,Showing Completed,False,,,,,Chose competitor,15.0,False
L11605,2025-01-25,Referral,A111,Sameer Khan,Condo,Riverside Heights,286014.07,Showing Completed,False,,,,,Price too high,25.0,True
L11606,2025-01-15,Social Media,A109,Aditya Verma,Condo,Oakridge,194203.79,Showing Scheduled,False,,,,,Changed mind,26.0,True
L11607,2025-05-31,Open House,A103,Karan Malhotra,Single Family,Harborview,505526.22,Contacted,False,,,,,Went cold / unresponsive,16.0,False
L11608,2025-09-09,Referral,A100,Priya Sharma,Townhouse,Sunset Hills,400789.3,Contacted,False,,,,,Chose competitor,6.0,False
L11609,2025-09-15,Open House,A102,Ananya Iyer,Townhouse,Maple Grove,331255.27,Lead (Uncontacted),False,,,,,Never contacted,2.0,False
L11610,2025-08-28,Referral,A101,Rohan Mehta,Townhouse,Maple Grove,396074.89,Contacted,False,,,,,Still in progress,16.0,False
L11611,2025-04-11,Open House,A105,Arjun Nair,Townhouse,Pinecrest,364204.71,Lead (Uncontacted),False,,,,,Never contacted,1.0,False
L11612,2025-08-26,Website,A106,Divya Kapoor,Townhouse,Harborview,556255.27,Offer Made,False,,,,,Went cold / unresponsive,8.0,False
L11613,2025-09-08,Zillow,A102,Ananya Iyer,Townhouse,Riverside Heights,453708.11,Contacted,False,,,,,Financing fell through,3.0,False
L11614,2025-05-26,Zillow,A106,Divya Kapoor,Single Family,Downtown Core,797376.86,Showing Completed,False,,,,,Still in progress,31.0,True
L11615,2025-09-23,Website,A100,Priya Sharma,Multi-Family,Maple Grove,551438.3,Showing Completed,False,,,,,Went cold / unresponsive,0.0,False
L11616,2025-06-05,Website,A107,Vikram Singh,Condo,Lakeview,262163.54,Showing Completed,False,,,,,Went cold / unresponsive,17.0,False
L11617,2025-11-01,Walk-in,A107,Vikram Singh,Condo,Downtown Core,371394.91,Contacted,False,,,,,Chose competitor,1.0,False
L11618,2025-09-23,Zillow,A101,Rohan Mehta,Condo,Harborview,352098.61,Offer Made,False,,,,,Still in progress,12.0,False
L11619,2025-04-27,Referral,A108,Neha Gupta,Condo,Lakeview,368822.27,Contacted,False,,,,,Went cold / unresponsive,10.0,False
L11620,2025-07-28,Website,A111,Sameer Khan,Condo,Sunset Hills,236351.65,Contacted,False,,,,,Price too high,12.0,False
L11621,2025-11-22,Social Media,A110,Ishita Bose,Multi-Family,Riverside Heights,744973.55,Offer Made,False,,,,,Went cold / unresponsive,16.0,False
L11622,2025-12-25,Open House,A103,Karan Malhotra,Condo,Pinecrest,222362.14,Lead (Uncontacted),False,,,,,Never contacted,0.0,False
L11623,2025-04-07,Social Media,A107,Vikram Singh,Condo,Harborview,341035.84,Showing Scheduled,False,,,,,Went cold / unresponsive,8.0,False
L11624,2025-10-09,Zillow,A106,Divya Kapoor,Multi-Family,Sunset Hills,450627.8,Lead (Uncontacted),False,,,,,Never contacted,4.0,False
L11625,2025-12-20,Walk-in,A112,Pooja Reddy,Condo,Riverside Heights,413208.74,Contacted,False,,,,,Still in progress,3.0,False
L11626,2025-06-26,Referral,A106,Divya Kapoor,Single Family,Riverside Heights,644591.92,Lead (Uncontacted),False,,,,,Never contacted,4.0,False
L11627,2025-03-16,Referral,A113,Rahul Chawla,Single Family,Lakeview,463563.27,Contacted,False,,,,,Went cold / unresponsive,2.0,False
L11628,2025-08-28,Website,A111,Sameer Khan,Townhouse,Maple Grove,289905.36,Contacted,False,,,,,Went cold / unresponsive,38.0,True
L11629,2025-04-08,Open House,A102,Ananya Iyer,Single Family,Downtown Core,510203.42,Offer Made,False,,,,,Price too high,36.0,True
L11630,2025-09-04,Zillow,A113,Rahul Chawla,Single Family,Riverside Heights,478116.96,Contacted,False,,,,,Price too high,4.0,False
L11631,2025-10-17,Social Media,A101,Rohan Mehta,Condo,Harborview,248686.25,Showing Scheduled,False,,,,,Still in progress,9.0,False
L11632,2025-08-24,Walk-in,A110,Ishita Bose,Condo,Pinecrest,260516.82,Showing Completed,False,,,,,Changed mind,0.0,False
L11633,2025-09-04,Referral,A107,Vikram Singh,Condo,Lakeview,238673.71,Showing Scheduled,False,,,,,Price too high,1.0,False
L11634,2025-12-24,Open House,A109,Aditya Verma,Townhouse,Maple Grove,365408.59,Contacted,False,,,,,Changed mind,0.0,False
L11635,2025-05-18,Zillow,A108,Neha Gupta,Single Family,Lakeview,497379.54,Contacted,False,,,,,Price too high,16.0,False
L11636,2025-01-31,Website,A113,Rahul Chawla,Single Family,Pinecrest,444159.68,Contacted,False,,,,,Chose competitor,16.0,False
L11637,2025-04-29,Zillow,A101,Rohan Mehta,Multi-Family,Pinecrest,447405.21,Showing Completed,False,,,,,Price too high,15.0,False
L11638,2025-02-16,Open House,A112,Pooja Reddy,Townhouse,Oakridge,274592.59,Offer Made,False,,,,,Financing fell through,17.0,False
L11639,2025-05-30,Referral,A102,Ananya Iyer,Multi-Family,Maple Grove,408444.15,Contacted,False,,,,,Price too high,8.0,False
L11640,2025-10-24,Website,A113,Rahul Chawla,Condo,Lakeview,392317.55,Contacted,False,,,,,Went cold / unresponsive,6.0,False
L11641,2025-04-30,Zillow,A108,Neha Gupta,Single Family,Maple Grove,370926.4,Showing Completed,False,,,,,Price too high,8.0,False
L11642,2025-02-03,Social Media,A103,Karan Malhotra,Single Family,Oakridge,370062.53,Showing Scheduled,False,,,,,Still in progress,12.0,False
L11643,2025-10-25,Zillow,A112,Pooja Reddy,Condo,Oakridge,234342.55,Contacted,False,,,,,Went cold / unresponsive,15.0,False
L11644,2025-05-01,Walk-in,A103,Karan Malhotra,Condo,Oakridge,273997.4,Contacted,False,,,,,Changed mind,3.0,False
L11645,2025-05-04,Social Media,A113,Rahul Chawla,Townhouse,Oakridge,409315.14,Contacted,False,,,,,Went cold / unresponsive,4.0,False
L11646,2025-07-31,Referral,A110,Ishita Bose,Townhouse,Downtown Core,492866.15,Contacted,False,,,,,Went cold / unresponsive,9.0,False
L11647,2025-06-03,Zillow,A113,Rahul Chawla,Condo,Lakeview,271517.95,Showing Completed,False,,,,,Price too high,16.0,False
L11648,2025-01-11,Zillow,A108,Neha Gupta,Single Family,Downtown Core,556615.31,Contacted,False,,,,,Went cold / unresponsive,2.0,False
L11649,2025-07-08,Website,A103,Karan Malhotra,Multi-Family,Riverside Heights,668179.44,Contacted,False,,,,,Still in progress,1.0,False
L11650,2025-09-02,Zillow,A113,Rahul Chawla,Single Family,Downtown Core,621158.77,Showing Completed,False,,,,,Went cold / unresponsive,3.0,False
L11651,2025-08-27,Zillow,A110,Ishita Bose,Single Family,Oakridge,382073.78,Offer Made,False,,,,,Went cold / unresponsive,1.0,False
L11652,2025-11-23,Referral,A108,Neha Gupta,Single Family,Oakridge,429234.4,Showing Scheduled,False,,,,,Chose competitor,5.0,False
L11653,2025-09-15,Website,A111,Sameer Khan,Condo,Downtown Core,452920.66,Contacted,False,,,,,Chose competitor,0.0,False
L11654,2025-06-26,Social Media,A104,Sneha Rao,Single Family,Maple Grove,435297.35,Closed,True,2025-07-31,35.0,0.028,12188.33,,,False
L11655,2025-04-24,Zillow,A104,Sneha Rao,Single Family,Riverside Heights,491354.85,Contacted,False,,,,,Financing fell through,4.0,False
L11656,2025-09-14,Referral,A107,Vikram Singh,Condo,Oakridge,232153.33,Closed,True,2025-11-13,60.0,0.028,6500.29,,,False
L11657,2025-02-13,Zillow,A101,Rohan Mehta,Townhouse,Maple Grove,276829.85,Contacted,False,,,,,Went cold / unresponsive,35.0,True
L11658,2025-07-13,Referral,A108,Neha Gupta,Townhouse,Pinecrest,257847.29,Contacted,False,,,,,Went cold / unresponsive,13.0,False
L11659,2025-04-24,Walk-in,A110,Ishita Bose,Condo,Pinecrest,267979.78,Closed,True,2025-05-30,36.0,0.028,7503.43,,,False
L11660,2025-01-14,Website,A103,Karan Malhotra,Condo,Lakeview,328064.17,Closed,True,2025-02-09,26.0,0.028,9185.8,,,False
L11661,2025-11-27,Website,A105,Arjun Nair,Condo,Pinecrest,316184.77,Contacted,False,,,,,Went cold / unresponsive,0.0,False
L11662,2025-09-16,Zillow,A114,Tanvi Joshi,Single Family,Harborview,484685.48,Contacted,False,,,,,Chose competitor,0.0,False
L11663,2025-03-17,Zillow,A102,Ananya Iyer,Multi-Family,Riverside Heights,629299.13,Offer Made,False,,,,,Financing fell through,43.0,True
L11664,2025-01-16,Open House,A109,Aditya Verma,Single Family,Maple Grove,305777.03,Offer Made,False,,,,,Price too high,4.0,False
L11665,2025-02-07,Zillow,A106,Divya Kapoor,Townhouse,Lakeview,405049.89,Showing Completed,False,,,,,Went cold / unresponsive,7.0,False
L11666,2025-11-06,Website,A107,Vikram Singh,Condo,Downtown Core,368332.02,Showing Completed,False,,,,,Price too high,7.0,False
L11667,2025-04-18,Walk-in,A108,Neha Gupta,Single Family,Harborview,532701.51,Showing Scheduled,False,,,,,Chose competitor,45.0,True
L11668,2025-10-29,Referral,A104,Sneha Rao,Single Family,Pinecrest,228136.68,Contacted,False,,,,,Went cold / unresponsive,2.0,False
L11669,2025-01-10,Zillow,A109,Aditya Verma,Single Family,Riverside Heights,498787.05,Contacted,False,,,,,Went cold / unresponsive,1.0,False
L11670,2025-10-31,Open House,A105,Arjun Nair,Single Family,Harborview,822037.8,Contacted,False,,,,,Went cold / unresponsive,2.0,False
L11671,2025-04-13,Social Media,A102,Ananya Iyer,Townhouse,Lakeview,327071.95,Contacted,False,,,,,Chose competitor,1.0,False
L11672,2025-03-27,Referral,A104,Sneha Rao,Single Family,Pinecrest,287163.04,Showing Completed,False,,,,,Chose competitor,15.0,False
L11673,2025-12-08,Referral,A110,Ishita Bose,Single Family,Downtown Core,560385.02,Closed,True,2026-02-11,65.0,0.028,15690.78,,,False
L11674,2025-07-08,Social Media,A106,Divya Kapoor,Condo,Downtown Core,457039.01,Contacted,False,,,,,Financing fell through,9.0,False
L11675,2025-06-18,Zillow,A105,Arjun Nair,Single Family,Pinecrest,453999.28,Showing Completed,False,,,,,Chose competitor,10.0,False
L11676,2025-07-25,Referral,A100,Priya Sharma,Townhouse,Harborview,425855.37,Contacted,False,,,,,Price too high,14.0,False
L11677,2025-04-17,Zillow,A104,Sneha Rao,Townhouse,Downtown Core,488141.8,Contacted,False,,,,,Went cold / unresponsive,13.0,False
L11678,2025-07-27,Social Media,A106,Divya Kapoor,Condo,Harborview,340418.99,Showing Completed,False,,,,,Price too high,7.0,False
L11679,2025-06-02,Referral,A104,Sneha Rao,Condo,Oakridge,227388.22,Closed,True,2025-07-07,35.0,0.028,6366.87,,,False
L11680,2025-08-27,Zillow,A109,Aditya Verma,Single Family,Sunset Hills,433141.06,Lead (Uncontacted),False,,,,,Never contacted,4.0,False
L11681,2025-04-02,Walk-in,A104,Sneha Rao,Condo,Oakridge,190021.48,Contacted,False,,,,,Went cold / unresponsive,1.0,False
L11682,2025-02-19,Website,A113,Rahul Chawla,Townhouse,Maple Grove,326905.21,Showing Completed,False,,,,,Still in progress,26.0,True
L11683,2025-01-23,Social Media,A100,Priya Sharma,Multi-Family,Sunset Hills,596333.93,Contacted,False,,,,,Chose competitor,3.0,False
L11684,2025-07-03,Social Media,A101,Rohan Mehta,Condo,Sunset Hills,344555.02,Offer Made,False,,,,,Went cold / unresponsive,3.0,False
L11685,2025-02-19,Open House,A109,Aditya Verma,Single Family,Downtown Core,690740.73,Contacted,False,,,,,Price too high,4.0,False
L11686,2025-12-20,Website,A111,Sameer Khan,Single Family,Downtown Core,616766.18,Lead (Uncontacted),False,,,,,Never contacted,23.0,True
L11687,2025-08-28,Walk-in,A110,Ishita Bose,Single Family,Riverside Heights,553401.73,Contacted,False,,,,,Financing fell through,12.0,False
L11688,2025-03-12,Walk-in,A107,Vikram Singh,Townhouse,Oakridge,172661.11,Contacted,False,,,,,Chose competitor,5.0,False
L11689,2025-02-26,Referral,A110,Ishita Bose,Single Family,Harborview,557069.93,Contacted,False,,,,,Went cold / unresponsive,1.0,False
L11690,2025-04-10,Social Media,A100,Priya Sharma,Townhouse,Riverside Heights,428571.15,Lead (Uncontacted),False,,,,,Never contacted,45.0,True
L11691,2025-06-01,Website,A101,Rohan Mehta,Condo,Lakeview,257727.69,Lead (Uncontacted),False,,,,,Never contacted,8.0,False
L11692,2025-07-09,Open House,A112,Pooja Reddy,Townhouse,Pinecrest,299580.2,Contacted,False,,,,,Price too high,26.0,True
L11693,2025-08-19,Social Media,A112,Pooja Reddy,Single Family,Lakeview,413578.67,Showing Completed,False,,,,,Still in progress,18.0,False
L11694,2025-02-27,Referral,A110,Ishita Bose,Single Family,Maple Grove,365820.91,Contacted,False,,,,,Financing fell through,42.0,True
L11695,2025-03-22,Website,A109,Aditya Verma,Single Family,Downtown Core,534903.71,Contacted,False,,,,,Chose competitor,2.0,False
L11696,2025-07-21,Website,A112,Pooja Reddy,Single Family,Sunset Hills,519984.66,Lead (Uncontacted),False,,,,,Never contacted,2.0,False
L11697,2025-11-22,Open House,A110,Ishita Bose,Multi-Family,Pinecrest,585890.96,Closed,True,2026-01-10,49.0,0.028,16404.95,,,False
L11698,2025-10-28,Referral,A100,Priya Sharma,Townhouse,Downtown Core,509260.89,Showing Completed,False,,,,,Price too high,0.0,False
L11699,2025-01-18,Walk-in,A104,Sneha Rao,Townhouse,Sunset Hills,230412.16,Showing Scheduled,False,,,,,Price too high,5.0,False
L11700,2025-07-31,Referral,A102,Ananya Iyer,Multi-Family,Sunset Hills,472649.69,Showing Completed,False,,,,,Went cold / unresponsive,16.0,False
L11701,2025-01-30,Website,A112,Pooja Reddy,Single Family,Oakridge,379427.53,Showing Completed,False,,,,,Financing fell through,2.0,False
L11702,2025-09-10,Zillow,A112,Pooja Reddy,Multi-Family,Lakeview,635815.93,Offer Made,False,,,,,Still in progress,8.0,False
L11703,2025-08-20,Social Media,A113,Rahul Chawla,Condo,Harborview,352611.65,Showing Completed,False,,,,,Financing fell through,35.0,True
L11704,2025-05-02,Website,A100,Priya Sharma,Townhouse,Sunset Hills,379418.86,Closed,True,2025-06-08,37.0,0.028,10623.73,,,False
L11705,2025-07-08,Website,A113,Rahul Chawla,Single Family,Maple Grove,322623.45,Lead (Uncontacted),False,,,,,Never contacted,1.0,False
L11706,2025-02-22,Referral,A107,Vikram Singh,Condo,Riverside Heights,338319.55,Showing Completed,False,,,,,Financing fell through,11.0,False
L11707,2025-12-03,Zillow,A104,Sneha Rao,Single Family,Sunset Hills,471194.9,Lead (Uncontacted),False,,,,,Never contacted,29.0,True
L11708,2025-08-24,Website,A110,Ishita Bose,Single Family,Lakeview,544410.22,Lead (Uncontacted),False,,,,,Never contacted,19.0,False
L11709,2025-12-02,Open House,A104,Sneha Rao,Condo,Downtown Core,460061.61,Contacted,False,,,,,Still in progress,18.0,False
L11710,2025-04-13,Zillow,A111,Sameer Khan,Condo,Lakeview,390340.41,Contacted,False,,,,,Went cold / unresponsive,17.0,False
L11711,2025-11-02,Open House,A102,Ananya Iyer,Multi-Family,Pinecrest,448613.94,Offer Made,False,,,,,Went cold / unresponsive,17.0,False
L11712,2025-04-03,Website,A112,Pooja Reddy,Single Family,Riverside Heights,598126.57,Contacted,False,,,,,Price too high,35.0,True
L11713,2025-10-31,Referral,A102,Ananya Iyer,Single Family,Oakridge,255557.87,Closed,True,2025-12-29,59.0,0.028,7155.62,,,False
L11714,2025-09-25,Website,A108,Neha Gupta,Single Family,Oakridge,293404.49,Lead (Uncontacted),False,,,,,Never contacted,16.0,False
L11715,2025-03-01,Social Media,A106,Divya Kapoor,Single Family,Oakridge,298096.8,Contacted,False,,,,,Chose competitor,7.0,False
L11716,2025-12-03,Website,A108,Neha Gupta,Single Family,Riverside Heights,436668.66,Lead (Uncontacted),False,,,,,Never contacted,4.0,False
L11717,2025-01-26,Zillow,A110,Ishita Bose,Condo,Oakridge,268399.47,Lead (Uncontacted),False,,,,,Never contacted,5.0,False
L11718,2025-07-29,Open House,A108,Neha Gupta,Single Family,Harborview,616413.02,Contacted,False,,,,,Still in progress,0.0,False
L11719,2025-07-03,Referral,A109,Aditya Verma,Condo,Riverside Heights,376932.46,Showing Completed,False,,,,,Still in progress,2.0,False
L11720,2025-08-12,Zillow,A102,Ananya Iyer,Condo,Sunset Hills,314164.86,Contacted,False,,,,,Price too high,11.0,False
L11721,2025-01-05,Social Media,A108,Neha Gupta,Condo,Maple Grove,269499.25,Closed,True,2025-02-13,39.0,0.028,7545.98,,,False
L11722,2025-12-17,Referral,A111,Sameer Khan,Townhouse,Sunset Hills,337824.41,Lead (Uncontacted),False,,,,,Never contacted,1.0,False
L11723,2025-08-08,Referral,A104,Sneha Rao,Multi-Family,Downtown Core,913390.89,Showing Completed,False,,,,,Went cold / unresponsive,25.0,True
L11724,2025-09-09,Zillow,A109,Aditya Verma,Townhouse,Downtown Core,557285.76,Contacted,False,,,,,Price too high,4.0,False
L11725,2025-03-12,Zillow,A113,Rahul Chawla,Multi-Family,Riverside Heights,540607.62,Offer Made,False,,,,,Financing fell through,7.0,False
L11726,2025-07-28,Social Media,A101,Rohan Mehta,Single Family,Downtown Core,593491.38,Offer Made,False,,,,,Price too high,6.0,False
L11727,2025-03-25,Referral,A112,Pooja Reddy,Single Family,Maple Grove,443835.01,Lead (Uncontacted),False,,,,,Never contacted,21.0,False
L11728,2025-07-15,Website,A105,Arjun Nair,Condo,Sunset Hills,337702.03,Showing Completed,False,,,,,Financing fell through,3.0,False
L11729,2025-08-01,Walk-in,A107,Vikram Singh,Single Family,Harborview,716602.37,Contacted,False,,,,,Price too high,32.0,True
L11730,2025-06-13,Open House,A100,Priya Sharma,Single Family,Riverside Heights,581424.26,Showing Completed,False,,,,,Price too high,3.0,False
L11731,2025-08-28,Referral,A102,Ananya Iyer,Condo,Downtown Core,303736.01,Contacted,False,,,,,Price too high,0.0,False
L11732,2025-08-11,Referral,A109,Aditya Verma,Single Family,Lakeview,477091.7,Closed,True,2025-10-17,67.0,0.028,13358.57,,,False
L11733,2025-10-08,Zillow,A110,Ishita Bose,Townhouse,Oakridge,203724.25,Showing Completed,False,,,,,Went cold / unresponsive,0.0,False
L11734,2025-11-26,Zillow,A113,Rahul Chawla,Single Family,Maple Grove,438559.38,Showing Completed,False,,,,,Went cold / unresponsive,0.0,False
L11735,2025-07-01,Open House,A104,Sneha Rao,Multi-Family,Lakeview,593608.22,Closed,True,2025-09-10,71.0,0.028,16621.03,,,False
L11736,2025-12-29,Website,A109,Aditya Verma,Single Family,Maple Grove,456438.23,Contacted,False,,,,,Financing fell through,12.0,False
L11737,2025-07-09,Website,A109,Aditya Verma,Condo,Maple Grove,285452.8,Lead (Uncontacted),False,,,,,Never contacted,0.0,False
L11738,2025-05-29,Zillow,A113,Rahul Chawla,Townhouse,Pinecrest,299083.42,Contacted,False,,,,,Went cold / unresponsive,1.0,False
L11739,2025-07-15,Website,A113,Rahul Chawla,Single Family,Oakridge,304901.71,Contacted,False,,,,,Changed mind,8.0,False
L11740,2025-07-12,Walk-in,A102,Ananya Iyer,Condo,Downtown Core,436153.93,Contacted,False,,,,,Still in progress,20.0,False
L11741,2025-04-23,Referral,A112,Pooja Reddy,Condo,Oakridge,236976.3,Showing Completed,False,,,,,Still in progress,5.0,False
L11742,2025-06-14,Zillow,A103,Karan Malhotra,Single Family,Harborview,612072.54,Lead (Uncontacted),False,,,,,Never contacted,8.0,False
L11743,2025-12-11,Referral,A104,Sneha Rao,Condo,Harborview,325058.27,Showing Completed,False,,,,,Went cold / unresponsive,22.0,True
L11744,2025-10-02,Walk-in,A104,Sneha Rao,Condo,Riverside Heights,175837.86,Showing Scheduled,False,,,,,Price too high,22.0,True
L11745,2025-04-15,Social Media,A106,Divya Kapoor,Townhouse,Pinecrest,318610.03,Offer Made,False,,,,,Financing fell through,7.0,False
L11746,2025-08-20,Referral,A109,Aditya Verma,Townhouse,Maple Grove,347647.42,Contacted,False,,,,,Chose competitor,5.0,False
L11747,2025-07-13,Referral,A100,Priya Sharma,Single Family,Harborview,578291.18,Showing Scheduled,False,,,,,Financing fell through,9.0,False
L11748,2025-05-27,Zillow,A110,Ishita Bose,Single Family,Sunset Hills,402915.8,Showing Scheduled,False,,,,,Chose competitor,2.0,False
L11749,2025-05-30,Social Media,A101,Rohan Mehta,Single Family,Downtown Core,724873.1,Contacted,False,,,,,Price too high,11.0,False
L11750,2025-07-15,Website,A114,Tanvi Joshi,Multi-Family,Oakridge,416381.29,Showing Completed,False,,,,,Went cold / unresponsive,8.0,False
L11751,2025-10-01,Zillow,A112,Pooja Reddy,Townhouse,Pinecrest,236052.64,Lead (Uncontacted),False,,,,,Never contacted,0.0,False
L11752,2025-05-09,Zillow,A114,Tanvi Joshi,Condo,Oakridge,289242.37,Contacted,False,,,,,Financing fell through,1.0,False
L11753,2025-03-30,Zillow,A102,Ananya Iyer,Townhouse,Pinecrest,395123.21,Showing Scheduled,False,,,,,Price too high,1.0,False
L11754,2025-10-18,Zillow,A109,Aditya Verma,Single Family,Riverside Heights,713374.74,Closed,True,2026-01-02,76.0,0.028,19974.49,,,False
L11755,2025-05-01,Walk-in,A103,Karan Malhotra,Single Family,Pinecrest,394251.66,Offer Made,False,,,,,Chose competitor,0.0,False
L11756,2025-06-14,Zillow,A102,Ananya Iyer,Condo,Oakridge,267955.92,Contacted,False,,,,,Changed mind,0.0,False
L11757,2025-11-17,Website,A104,Sneha Rao,Single Family,Lakeview,517965.01,Showing Scheduled,False,,,,,Financing fell through,2.0,False
L11758,2025-10-26,Walk-in,A113,Rahul Chawla,Townhouse,Maple Grove,330925.14,Showing Scheduled,False,,,,,Went cold / unresponsive,17.0,False
L11759,2025-06-09,Open House,A110,Ishita Bose,Townhouse,Maple Grove,270543.87,Closed,True,2025-07-25,46.0,0.028,7575.23,,,False
L11760,2025-02-11,Walk-in,A109,Aditya Verma,Condo,Pinecrest,283631.83,Showing Completed,False,,,,,Went cold / unresponsive,11.0,False
L11761,2025-03-07,Website,A102,Ananya Iyer,Single Family,Sunset Hills,422597.84,Showing Completed,False,,,,,Still in progress,1.0,False
L11762,2025-10-13,Social Media,A106,Divya Kapoor,Single Family,Pinecrest,301063.2,Contacted,False,,,,,Price too high,9.0,False
L11763,2025-03-07,Zillow,A111,Sameer Khan,Condo,Downtown Core,389690.57,Contacted,False,,,,,Financing fell through,3.0,False
L11764,2025-05-04,Zillow,A112,Pooja Reddy,Condo,Harborview,431430.62,Showing Completed,False,,,,,Chose competitor,15.0,False
L11765,2025-11-22,Zillow,A103,Karan Malhotra,Single Family,Oakridge,301810.67,Showing Completed,False,,,,,Chose competitor,7.0,False
L11766,2025-03-05,Website,A106,Divya Kapoor,Multi-Family,Downtown Core,653831.77,Lead (Uncontacted),False,,,,,Never contacted,2.0,False
L11767,2025-04-15,Referral,A110,Ishita Bose,Townhouse,Harborview,488415.7,Showing Completed,False,,,,,Financing fell through,2.0,False
L11768,2025-01-06,Referral,A104,Sneha Rao,Condo,Downtown Core,455409.65,Contacted,False,,,,,Price too high,4.0,False
L11769,2025-06-14,Zillow,A109,Aditya Verma,Condo,Riverside Heights,330393.01,Lead (Uncontacted),False,,,,,Never contacted,3.0,False
L11770,2025-10-30,Zillow,A112,Pooja Reddy,Condo,Lakeview,269548.56,Lead (Uncontacted),False,,,,,Never contacted,2.0,False
L11771,2025-09-01,Social Media,A112,Pooja Reddy,Condo,Pinecrest,238364.23,Contacted,False,,,,,Went cold / unresponsive,4.0,False
L11772,2025-02-28,Walk-in,A107,Vikram Singh,Single Family,Oakridge,357717.12,Contacted,False,,,,,Went cold / unresponsive,11.0,False
L11773,2025-08-26,Referral,A100,Priya Sharma,Single Family,Pinecrest,449622.26,Contacted,False,,,,,Price too high,0.0,False
L11774,2025-06-20,Social Media,A108,Neha Gupta,Condo,Oakridge,217750.2,Contacted,False,,,,,Financing fell through,34.0,True
L11775,2025-09-06,Social Media,A114,Tanvi Joshi,Townhouse,Riverside Heights,388307.56,Showing Completed,False,,,,,Chose competitor,5.0,False
L11776,2025-10-04,Website,A105,Arjun Nair,Single Family,Riverside Heights,473381.42,Lead (Uncontacted),False,,,,,Never contacted,13.0,False
L11777,2025-05-09,Referral,A110,Ishita Bose,Townhouse,Pinecrest,267650.92,Contacted,False,,,,,Financing fell through,1.0,False
L11778,2025-05-23,Social Media,A103,Karan Malhotra,Townhouse,Downtown Core,472665.17,Showing Completed,False,,,,,Price too high,8.0,False
L11779,2025-02-19,Website,A100,Priya Sharma,Townhouse,Lakeview,380120.62,Showing Scheduled,False,,,,,Went cold / unresponsive,1.0,False
L11780,2025-06-18,Zillow,A111,Sameer Khan,Condo,Lakeview,319176.28,Showing Completed,False,,,,,Financing fell through,5.0,False
L11781,2025-12-22,Social Media,A108,Neha Gupta,Condo,Harborview,328054.38,Contacted,False,,,,,Still in progress,13.0,False
L11782,2025-02-14,Zillow,A106,Divya Kapoor,Single Family,Oakridge,501055.49,Showing Scheduled,False,,,,,Price too high,7.0,False
L11783,2025-10-11,Website,A107,Vikram Singh,Townhouse,Maple Grove,419689.24,Contacted,False,,,,,Chose competitor,13.0,False
L11784,2025-07-31,Zillow,A109,Aditya Verma,Townhouse,Pinecrest,250528.32,Showing Completed,False,,,,,Financing fell through,23.0,True
L11785,2025-04-04,Social Media,A112,Pooja Reddy,Single Family,Sunset Hills,333477.12,Showing Completed,False,,,,,Chose competitor,23.0,True
L11786,2025-10-25,Open House,A102,Ananya Iyer,Condo,Sunset Hills,269442.86,Showing Completed,False,,,,,Went cold / unresponsive,1.0,False
L11787,2025-07-03,Social Media,A104,Sneha Rao,Townhouse,Harborview,425564.2,Offer Made,False,,,,,Still in progress,0.0,False
L11788,2025-05-30,Social Media,A112,Pooja Reddy,Condo,Sunset Hills,295774.21,Contacted,False,,,,,Price too high,8.0,False
L11789,2025-07-31,Website,A113,Rahul Chawla,Townhouse,Harborview,510142.99,Contacted,False,,,,,Went cold / unresponsive,14.0,False
L11790,2025-06-23,Website,A107,Vikram Singh,Single Family,Oakridge,406965.91,Contacted,False,,,,,Price too high,12.0,False
L11791,2025-11-07,Website,A106,Divya Kapoor,Single Family,Riverside Heights,614487.87,Offer Made,False,,,,,Chose competitor,0.0,False
L11792,2025-07-18,Zillow,A114,Tanvi Joshi,Single Family,Oakridge,384273.99,Offer Made,False,,,,,Chose competitor,1.0,False
L11793,2025-02-18,Zillow,A108,Neha Gupta,Townhouse,Riverside Heights,508926.26,Showing Completed,False,,,,,Went cold / unresponsive,11.0,False
L11794,2025-06-25,Open House,A103,Karan Malhotra,Condo,Oakridge,176079.07,Contacted,False,,,,,Went cold / unresponsive,3.0,False
L11795,2025-10-13,Website,A100,Priya Sharma,Condo,Riverside Heights,336600.55,Contacted,False,,,,,Chose competitor,13.0,False
L11796,2025-02-05,Website,A104,Sneha Rao,Condo,Downtown Core,384974.67,Contacted,False,,,,,Still in progress,19.0,False
L11797,2025-10-14,Walk-in,A107,Vikram Singh,Single Family,Lakeview,356884.05,Showing Completed,False,,,,,Went cold / unresponsive,15.0,False
L11798,2025-06-16,Website,A112,Pooja Reddy,Townhouse,Pinecrest,272736.2,Contacted,False,,,,,Financing fell through,7.0,False
L11799,2025-04-20,Referral,A107,Vikram Singh,Condo,Riverside Heights,379720.95,Contacted,False,,,,,Financing fell through,19.0,False
